bits,i,size,MSH,MMP,PMP
1,0,10000000,117.0699,668.9609,1306.8414
1,1,10000000,111.9481,636.5225,1345.842
1,2,10000000,123.0407,683.236,1418.4752
1,3,10000000,113.5943,638.1586,1305.7784
1,4,10000000,111.3994,627.0336,1312.5544
1,5,10000000,111.8851,625.0142,1302.3373
1,6,10000000,111.005,623.678,1305.929
1,7,10000000,111.8122,629.4168,1306.336
1,8,10000000,111.2649,622.5882,1314.9057
1,9,10000000,112.5329,625.5541,1313.5697
1,10,10000000,113.2562,642.5922,1313.7281
1,11,10000000,111.4798,642.2939,1304.028
1,12,10000000,118.4637,627.3176,1305.3611
1,13,10000000,115.5094,628.115,1317.3257
1,14,10000000,111.4761,627.3223,1306.3448
1,15,10000000,111.8444,625.1027,1294.8778
1,16,10000000,111.4412,627.6048,1298.4933
1,17,10000000,111.1233,623.2585,1299.0089
1,18,10000000,111.5534,623.5129,1301.2964
1,19,10000000,110.9172,627.9311,1295.1127
1,20,10000000,110.931,623.7624,1306.5354
1,21,10000000,111.1551,621.4813,1303.4226
1,22,10000000,111.7812,625.9469,1303.0728
1,23,10000000,111.0426,621.1545,1304.3224
1,24,10000000,111.4234,624.3507,1300.7098
1,25,10000000,110.9879,622.4614,1306.6753
1,26,10000000,112.2518,620.3472,1301.7106
1,27,10000000,110.6378,623.3052,1304.3728
1,28,10000000,110.7963,624.2088,1307.3051
1,29,10000000,110.0893,633.4831,1303.5468
1,30,10000000,112.3388,626.1901,1311.4915
1,31,10000000,111.7855,629.3072,1308.741
1,32,10000000,111.9252,627.5872,1320.4772
1,33,10000000,112.2686,623.2471,1305.8288
1,34,10000000,110.8078,628.4554,1304.3544
1,35,10000000,111.6995,624.693,1306.7027
1,36,10000000,111.6707,621.6389,1320.6601
1,37,10000000,112.2412,626.2567,1306.8025
1,38,10000000,112.3616,628.3667,1313.4257
1,39,10000000,111.1755,624.3883,1310.269
1,40,10000000,113.9495,647.6798,1304.562
1,41,10000000,111.4471,628.2514,1309.1462
1,42,10000000,112.3428,624.4993,1305.3837
1,43,10000000,110.3574,625.8338,1311.4071
1,44,10000000,111.5918,624.8034,1304.7195
1,45,10000000,110.7133,623.072,1299.6816
1,46,10000000,111.1675,622.4615,1304.983
1,47,10000000,111.7538,625.5654,1315.8306
1,48,10000000,111.8387,625.2094,1304.5866
1,49,10000000,112.3324,625.2796,1304.918
1,50,10000000,111.4855,623.8947,1321.1109
1,51,10000000,111.4025,627.8279,1306.3524
1,52,10000000,110.9572,625.952,1319.7385
1,53,10000000,112.3929,623.4176,1306.2064
1,54,10000000,114.086,629.7929,1312.0143
1,55,10000000,116.1579,620.7077,1305.0243
1,56,10000000,111.3574,625.8936,1308.3079
1,57,10000000,111.4488,626.9809,1307.6542
1,58,10000000,110.5794,639.337,1323.3592
1,59,10000000,111.2,625.0564,1304.9225
1,60,10000000,117.9193,626.4375,1313.3874
1,61,10000000,115.9746,623.334,1317.2889
1,62,10000000,112.0758,627.285,1311.5609
1,63,10000000,113.5715,621.2524,1319.9894
1,64,10000000,111.5317,630.7372,1304.886
1,65,10000000,112.5663,632.4502,1305.1452
1,66,10000000,111.4128,626.7888,1314.2323
1,67,10000000,111.5492,625.9257,1312.0949
1,68,10000000,110.9696,623.3149,1308.5467
1,69,10000000,111.5152,622.5832,1303.7385
1,70,10000000,114.2138,625.7339,1311.3125
1,71,10000000,110.887,628.2039,1298.9518
1,72,10000000,112.1132,626.7077,1311.1145
1,73,10000000,111.0842,625.6676,1315.4686
1,74,10000000,111.0308,621.6478,1309.9759
1,75,10000000,112.0405,621.7267,1306.9175
1,76,10000000,112.2304,626.4687,1307.6978
1,77,10000000,111.0841,628.0792,1304.8509
1,78,10000000,112.7146,622.6717,1307.3187
1,79,10000000,111.6528,623.1763,1312.9768
1,80,10000000,111.4291,623.9916,1300.1615
1,81,10000000,112.9787,623.7896,1303.5363
1,82,10000000,112.1697,623.6759,1308.9698
1,83,10000000,128.5253,625.5895,1301.4027
1,84,10000000,113.7518,627.5701,1307.7087
1,85,10000000,115.0755,631.3316,1306.9784
1,86,10000000,112.4016,624.9221,1301.583
1,87,10000000,111.3317,619.8935,1303.6106
1,88,10000000,112.2774,624.205,1321.2575
1,89,10000000,111.4616,621.5166,1314.2863
1,90,10000000,112.1635,618.6448,1310.5263
1,91,10000000,111.2075,622.0235,1311.634
1,92,10000000,112.76,619.9459,1308.2451
1,93,10000000,111.7565,626.7826,1303.9141
1,94,10000000,111.9528,648.8748,1296.959
1,95,10000000,121.739,689.8955,1347.5564
1,96,10000000,111.5117,624.5314,1301.9074
1,97,10000000,111.3155,629.5894,1299.1244
1,98,10000000,111.476,626.0733,1301.5958
1,99,10000000,111.3864,622.7551,1309.6527
2,0,10000000,111.1803,626.5223,1314.7349
2,1,10000000,113.963,623.2724,1303.9238
2,2,10000000,112.1036,626.289,1306.9065
2,3,10000000,112.1862,624.4348,1301.0226
2,4,10000000,112.166,623.9034,1317.5708
2,5,10000000,112.028,623.3881,1313.1773
2,6,10000000,112.019,626.2391,1302.9858
2,7,10000000,112.4731,641.0564,1330.8808
2,8,10000000,113.1427,624.2351,1314.2424
2,9,10000000,111.8267,621.7818,1321.6976
2,10,10000000,111.9963,626.9736,1311.6987
2,11,10000000,112.1622,628.8301,1308.2656
2,12,10000000,112.4581,626.6174,1309.3543
2,13,10000000,111.4304,636.9843,1304.5107
2,14,10000000,113.23,648.1098,1306.1804
2,15,10000000,113.6472,631.8307,1302.1303
2,16,10000000,113.1754,629.6033,1303.2701
2,17,10000000,112.49,624.1273,1301.1847
2,18,10000000,112.2742,618.959,1305.4628
2,19,10000000,111.8705,627.762,1305.0172
2,20,10000000,112.141,624.5638,1306.2143
2,21,10000000,113.1093,629.3499,1299.7705
2,22,10000000,113.1692,623.5726,1307.0369
2,23,10000000,117.8073,624.9742,1380.7338
2,24,10000000,115.7618,628.5235,1304.8152
2,25,10000000,111.6685,620.3191,1301.8699
2,26,10000000,112.3994,629.3602,1303.9732
2,27,10000000,112.6027,621.6057,1315.5711
2,28,10000000,111.4105,629.6025,1301.1727
2,29,10000000,112.836,635.2479,1305.6832
2,30,10000000,112.3367,622.9103,1298.6716
2,31,10000000,112.3575,624.5175,1302.4129
2,32,10000000,112.3534,626.9046,1307.7655
2,33,10000000,115.5791,628.8312,1305.2492
2,34,10000000,116.8825,627.7007,1311.4365
2,35,10000000,113.1018,623.0908,1313.5217
2,36,10000000,114.2871,625.4615,1301.313
2,37,10000000,112.5534,622.9718,1317.786
2,38,10000000,112.6336,628.6491,1318.9698
2,39,10000000,112.7006,627.1492,1307.6104
2,40,10000000,112.2075,621.5012,1304.4781
2,41,10000000,112.4315,623.2466,1300.2063
2,42,10000000,113.6597,627.5066,1302.7612
2,43,10000000,112.5984,625.5268,1303.2938
2,44,10000000,111.6739,629.1739,1306.4535
2,45,10000000,113.8565,621.2279,1299.8664
2,46,10000000,111.9866,624.17,1309.7054
2,47,10000000,111.2674,627.6164,1305.3942
2,48,10000000,113.6163,626.5343,1313.5066
2,49,10000000,113.3301,622.2523,1305.5514
2,50,10000000,112.9324,627.6655,1309.9864
2,51,10000000,115.097,626.6351,1315.7878
2,52,10000000,113.2146,624.7373,1303.9006
2,53,10000000,111.8547,633.5725,1309.6711
2,54,10000000,112.5259,630.2325,1309.621
2,55,10000000,111.8223,627.4075,1312.9625
2,56,10000000,111.5899,624.6012,1309.3366
2,57,10000000,112.5701,644.196,1308.3545
2,58,10000000,112.161,623.2169,1313.2122
2,59,10000000,113.1545,625.0664,1307.3377
2,60,10000000,113.2618,628.0544,1312.4765
2,61,10000000,113.1656,623.4418,1310.924
2,62,10000000,113.8339,627.3083,1298.9548
2,63,10000000,113.1126,620.5932,1296.7353
2,64,10000000,112.8794,615.7446,1301.5664
2,65,10000000,116.3971,617.2247,1293.4147
2,66,10000000,111.9987,621.9536,1311.5796
2,67,10000000,111.8725,625.195,1306.9873
2,68,10000000,112.2037,627.6661,1309.0087
2,69,10000000,111.9692,626.3962,1308.5536
2,70,10000000,114.4748,628.6478,1311.1626
2,71,10000000,112.0729,625.9157,1314.1862
2,72,10000000,114.1706,623.441,1309.5433
2,73,10000000,113.3325,625.713,1314.4817
2,74,10000000,110.8404,628.4651,1310.3446
2,75,10000000,112.5772,629.3934,1307.3704
2,76,10000000,112.5772,627.3037,1312.3408
2,77,10000000,113.9855,636.3485,1310.5956
2,78,10000000,113.0603,625.2207,1321.6554
2,79,10000000,112.6381,641.4321,1299.6412
2,80,10000000,111.5681,627.9355,1309.612
2,81,10000000,116.5521,631.4107,1330.1555
2,82,10000000,111.9706,640.5987,1314.6837
2,83,10000000,111.489,647.8888,1329.1172
2,84,10000000,113.3657,634.1881,1317.048
2,85,10000000,110.9271,631.7182,1309.8156
2,86,10000000,111.8123,629.3774,1321.4461
2,87,10000000,112.2268,624.189,1322.1225
2,88,10000000,112.8456,628.2816,1315.4413
2,89,10000000,112.9595,621.2051,1303.0139
2,90,10000000,116.001,629.2408,1307.2553
2,91,10000000,111.7807,628.8616,1311.7363
2,92,10000000,118.9263,635.9317,1316.9802
2,93,10000000,111.3743,622.8011,1328.1523
2,94,10000000,114.0317,625.6011,1309.0501
2,95,10000000,113.4676,627.5368,1315.2703
2,96,10000000,111.8984,627.1367,1319.2492
2,97,10000000,112.0703,628.9235,1311.7987
2,98,10000000,111.9092,627.0219,1314.0454
2,99,10000000,112.5327,628.7694,1319.8633
3,0,10000000,112.0833,623.2395,1310.3256
3,1,10000000,111.1013,631.9475,1306.4583
3,2,10000000,112.3341,630.9566,1305.1075
3,3,10000000,111.5811,624.3288,1303.6644
3,4,10000000,114.5888,628.6262,1305.7061
3,5,10000000,112.6844,623.8846,1302.5815
3,6,10000000,112.0813,620.8961,1301.6035
3,7,10000000,112.4174,628.854,1305.1499
3,8,10000000,111.318,632.3225,1297.3852
3,9,10000000,112.7323,621.4576,1302.6131
3,10,10000000,112.4126,625.8171,1302.1871
3,11,10000000,112.3958,631.7018,1321.9562
3,12,10000000,112.3903,624.3249,1306.1022
3,13,10000000,115.5226,627.3324,1303.445
3,14,10000000,111.5339,630.6219,1303.557
3,15,10000000,110.9024,622.9684,1304.7317
3,16,10000000,112.4755,623.6621,1300.583
3,17,10000000,112.9587,621.63,1303.6736
3,18,10000000,112.6138,623.4857,1308.2529
3,19,10000000,114.1741,625.7485,1304.168
3,20,10000000,116.0377,621.6885,1299.7699
3,21,10000000,112.9469,624.047,1300.8536
3,22,10000000,114.8671,625.8755,1315.338
3,23,10000000,114.5963,623.8652,1303.6922
3,24,10000000,112.2983,622.3459,1299.8441
3,25,10000000,111.7954,622.5772,1299.1479
3,26,10000000,113.9479,628.77,1306.6164
3,27,10000000,112.4097,622.4504,1308.1972
3,28,10000000,112.1338,629.9921,1310.1594
3,29,10000000,112.5023,633.8393,1300.4099
3,30,10000000,111.9894,631.0599,1310.5094
3,31,10000000,115.2836,628.9572,1306.0756
3,32,10000000,114.5328,624.6275,1299.2827
3,33,10000000,112.2036,625.7293,1310.4502
3,34,10000000,113.5839,625.1945,1302.103
3,35,10000000,114.7665,625.8811,1307.7867
3,36,10000000,117.7735,645.159,1323.8154
3,37,10000000,113.1126,624.4195,1309.244
3,38,10000000,113.1679,631.4667,1336.6625
3,39,10000000,111.5783,635.4541,1305.5657
3,40,10000000,112.8207,628.1246,1323.6614
3,41,10000000,113.4316,626.5721,1316.4574
3,42,10000000,112.1166,634.296,1330.284
3,43,10000000,112.9056,628.1584,1308.6182
3,44,10000000,115.7198,640.7656,1312.3251
3,45,10000000,112.5846,622.7124,1319.4104
3,46,10000000,112.8562,631.7676,1301.8259
3,47,10000000,111.5202,626.909,1313.638
3,48,10000000,112.4023,645.6644,1312.0768
3,49,10000000,113.157,622.477,1311.5137
3,50,10000000,112.2297,627.7201,1304.9223
3,51,10000000,112.5399,625.9409,1304.232
3,52,10000000,111.9101,625.5882,1321.3617
3,53,10000000,121.2551,710.7131,1317.9864
3,54,10000000,120.6331,624.0232,1301.5543
3,55,10000000,115.6887,624.2285,1306.9962
3,56,10000000,134.6774,626.6457,1309.9657
3,57,10000000,113.2918,636.0018,1320.6557
3,58,10000000,114.8808,627.7433,1308.0482
3,59,10000000,112.6015,629.9561,1309.7471
3,60,10000000,116.7746,766.7264,1596.1992
3,61,10000000,126.081,672.8007,1354.1511
3,62,10000000,125.3784,641.8348,1380.6616
3,63,10000000,124.1108,656.9351,1352.446
3,64,10000000,122.7883,658.9723,1351.9503
3,65,10000000,131.0631,647.2455,1353.6765
3,66,10000000,129.1577,654.9316,1352.7797
3,67,10000000,132.6857,646.7643,1355.7065
3,68,10000000,129.4997,647.1855,1368.5425
3,69,10000000,129.2989,666.0556,1386.3226
3,70,10000000,131.1159,698.6884,1467.0915
3,71,10000000,130.5719,694.756,1434.9104
3,72,10000000,137.8876,680.7921,1473.3535
3,73,10000000,131.4994,685.0589,1431.9242
3,74,10000000,130.1519,693.1935,1484.8335
3,75,10000000,136.3416,689.1905,1420.2462
3,76,10000000,127.8119,686.1238,1417.8144
3,77,10000000,132.1496,669.7682,1447.2778
3,78,10000000,131.4126,686.1004,1445.3486
3,79,10000000,134.0226,682.5439,1422.4926
3,80,10000000,130.4478,684.3004,1426.7126
3,81,10000000,130.2007,686.1656,1420.5253
3,82,10000000,132.756,686.0329,1422.1368
3,83,10000000,129.6222,692.906,1422.5567
3,84,10000000,135.9223,691.467,1457.0379
3,85,10000000,142.4281,713.2157,1482.3857
3,86,10000000,135.7775,713.1872,1463.1741
3,87,10000000,133.396,696.3214,1454.0734
3,88,10000000,132.9007,689.2136,1436.9561
3,89,10000000,137.0386,717.018,1404.4986
3,90,10000000,134.4767,655.7287,1344.5211
3,91,10000000,126.2549,651.8072,1338.7495
3,92,10000000,126.1138,656.8447,1343.3758
3,93,10000000,121.2589,648.0699,1335.0353
3,94,10000000,126.5865,659.4733,1312.5458
3,95,10000000,130.614,653.5801,1328.534
3,96,10000000,133.7194,646.232,1330.3968
3,97,10000000,126.8291,636.6514,1323.3867
3,98,10000000,127.3488,661.1457,1337.5923
3,99,10000000,127.2145,643.6493,1324.123
4,0,10000000,126.1117,645.0909,1336.7826
4,1,10000000,124.7979,644.806,1335.9625
4,2,10000000,126.7064,645.2509,1327.4905
4,3,10000000,126.8913,637.0723,1330.733
4,4,10000000,132.314,637.5816,1334.6255
4,5,10000000,124.7041,640.3187,1348.2561
4,6,10000000,122.888,639.0386,1326.3146
4,7,10000000,125.829,664.3796,1343.3997
4,8,10000000,135.3736,638.517,1336.4096
4,9,10000000,121.4744,635.8954,1341.2211
4,10,10000000,127.7429,652.7861,1346.4448
4,11,10000000,125.4672,638.6077,1305.5926
4,12,10000000,128.2667,647.2376,1329.4603
4,13,10000000,122.2394,641.8773,1302.3844
4,14,10000000,122.7908,650.8397,1415.0071
4,15,10000000,127.6923,696.4388,1437.7206
4,16,10000000,129.8312,706.9703,1381.5246
4,17,10000000,126.2629,680.2769,1391.2768
4,18,10000000,135.4652,667.4559,1404.579
4,19,10000000,133.6583,693.8098,1421.6088
4,20,10000000,129.4689,694.3621,1394.0836
4,21,10000000,125.0525,676.0097,1563.6802
4,22,10000000,128.9032,637.4702,1331.4778
4,23,10000000,122.3616,646.0097,1316.1049
4,24,10000000,125.7534,636.9754,1329.9526
4,25,10000000,128.1946,637.0015,1328.371
4,26,10000000,127.8642,650.0166,1328.8663
4,27,10000000,127.1321,647.8903,1325.3941
4,28,10000000,131.1525,646.5494,1324.3727
4,29,10000000,127.7493,642.8114,1331.0693
4,30,10000000,130.4809,645.9276,1327.657
4,31,10000000,123.2563,648.9981,1334.8357
4,32,10000000,127.8415,641.1563,1322.0888
4,33,10000000,124.1848,641.129,1328.4088
4,34,10000000,127.8139,647.9365,1329.1866
4,35,10000000,127.6112,639.9085,1325.4927
4,36,10000000,126.0572,637.7488,1333.9614
4,37,10000000,126.2897,641.6787,1323.3262
4,38,10000000,129.9568,636.6247,1326.4707
4,39,10000000,126.4973,645.1141,1329.1654
4,40,10000000,133.5589,647.2121,1331.4511
4,41,10000000,130.656,650.6298,1340.8836
4,42,10000000,124.6168,654.3082,1346.8622
4,43,10000000,131.2228,654.6744,1332.0652
4,44,10000000,127.8681,635.9855,1336.1835
4,45,10000000,128.5849,642.837,1336.6448
4,46,10000000,147.1023,650.4656,1339.3459
4,47,10000000,126.1594,642.0238,1354.2715
4,48,10000000,126.3317,648.5284,1356.4471
4,49,10000000,128.4474,649.9185,1342.7174
4,50,10000000,129.8913,650.0591,1353.7314
4,51,10000000,131.611,650.6821,1335.4544
4,52,10000000,126.3327,644.3268,1322.1654
4,53,10000000,130.4425,645.7675,1351.8432
4,54,10000000,126.5388,652.9921,1354.5879
4,55,10000000,126.3686,655.6911,1341.1089
4,56,10000000,130.5709,652.4927,1331.7555
4,57,10000000,133.8301,641.2379,1346.2271
4,58,10000000,122.1128,646.9693,1325.5258
4,59,10000000,129.707,649.297,1345.7856
4,60,10000000,128.8092,657.7429,1337.6053
4,61,10000000,126.53,651.2989,1380.8748
4,62,10000000,134.1974,643.3885,1335.4492
4,63,10000000,127.3946,648.226,1349.9669
4,64,10000000,125.5668,642.0404,1317.5346
4,65,10000000,127.338,637.1334,1327.4735
4,66,10000000,124.3356,641.7834,1321.0209
4,67,10000000,127.684,640.9108,1327.2514
4,68,10000000,125.9577,641.8331,1329.2803
4,69,10000000,127.6938,638.9699,1322.2961
4,70,10000000,125.2511,642.0067,1322.8675
4,71,10000000,123.4731,636.6132,1324.3115
4,72,10000000,126.53,645.6322,1317.3044
4,73,10000000,124.7032,639.4668,1345.2931
4,74,10000000,127.1347,653.2343,1366.8291
4,75,10000000,130.7978,632.0797,1324.0786
4,76,10000000,122.1193,629.7303,1307.6824
4,77,10000000,121.5464,633.3244,1317.7335
4,78,10000000,121.793,625.642,1313.6439
4,79,10000000,127.4651,637.8806,1312.8878
4,80,10000000,125.3019,631.5646,1318.0122
4,81,10000000,122.0805,637.8945,1306.0076
4,82,10000000,135.337,662.7053,1324.134
4,83,10000000,125.6424,689.5948,1400.704
4,84,10000000,127.7923,645.9624,1327.9705
4,85,10000000,126.4889,679.0919,1331.5216
4,86,10000000,123.0077,640.7183,1314.7523
4,87,10000000,123.8374,637.1223,1319.0609
4,88,10000000,124.1164,643.8883,1332.8781
4,89,10000000,122.2106,630.2349,1319.0544
4,90,10000000,146.7139,650.6533,1331.8183
4,91,10000000,131.7331,635.6478,1320.3987
4,92,10000000,131.3306,650.1544,1348.8523
4,93,10000000,130.9649,657.0764,1324.9324
4,94,10000000,127.4641,640.5602,1366.4401
4,95,10000000,134.0025,699.8226,1466.5203
4,96,10000000,136.3842,695.2061,1444.6152
4,97,10000000,140.2021,673.0199,1389.0143
4,98,10000000,128.174,638.7525,1325.8653
4,99,10000000,134.5877,636.9077,1312.8848
5,0,10000000,126.4113,642.1734,1308.6333
5,1,10000000,128.6008,633.7113,1326.4484
5,2,10000000,128.0447,640.2619,1322.6876
5,3,10000000,131.6866,639.0251,1318.9713
5,4,10000000,125.993,654.2674,1338.5278
5,5,10000000,126.817,635.3343,1312.3076
5,6,10000000,124.6783,635.1761,1314.4058
5,7,10000000,124.6754,642.0711,1307.9859
5,8,10000000,127.2704,638.1399,1309.7922
5,9,10000000,122.2436,639.8995,1323.339
5,10,10000000,135.213,638.6615,1332.9381
5,11,10000000,125.2685,637.7954,1310.1924
5,12,10000000,123.9052,638.3774,1328.3896
5,13,10000000,124.036,640.1647,1320.6285
5,14,10000000,123.4144,689.5644,1466.551
5,15,10000000,146.1513,745.6841,1445.6697
5,16,10000000,122.6845,664.8193,1486.9723
5,17,10000000,152.6667,720.4996,1508.5622
5,18,10000000,163.3278,732.1428,1383.0746
5,19,10000000,132.6817,741.6299,1560.2525
5,20,10000000,138.9757,725.5156,1537.8583
5,21,10000000,143.0322,747.2696,1457.3588
5,22,10000000,139.906,705.8921,1387.8237
5,23,10000000,130.8992,638.6084,1417.6212
5,24,10000000,128.5292,626.2008,1302.234
5,25,10000000,121.1281,634.9529,1308.7316
5,26,10000000,122.0189,624.6879,1299.062
5,27,10000000,121.9939,623.0368,1404.478
5,28,10000000,134.7283,657.1392,1298.3154
5,29,10000000,120.9056,623.9051,1306.1241
5,30,10000000,127.1404,647.9246,1310.4514
5,31,10000000,122.5316,632.9492,1296.0953
5,32,10000000,124.0438,627.0428,1318.649
5,33,10000000,119.1377,632.6006,1309.8063
5,34,10000000,122.5184,630.1635,1309.4221
5,35,10000000,124.4453,679.7067,1306.6944
5,36,10000000,118.5795,637.7699,1292.7291
5,37,10000000,125.4211,626.9141,1309.2696
5,38,10000000,119.3646,621.6797,1303.0711
5,39,10000000,117.2913,640.97,1303.8017
5,40,10000000,121.5503,633.1386,1314.9998
5,41,10000000,117.487,631.9292,1297.6223
5,42,10000000,117.9155,620.8912,1293.2499
5,43,10000000,120.9655,626.8349,1294.2862
5,44,10000000,117.1429,631.8421,1306.0207
5,45,10000000,118.2268,632.5778,1293.1426
5,46,10000000,126.5442,638.4155,1299.6778
5,47,10000000,122.5595,633.0221,1296.6197
5,48,10000000,125.3199,623.5018,1322.5276
5,49,10000000,125.0537,628.9411,1329.172
5,50,10000000,118.4196,630.0084,1312.5708
5,51,10000000,117.3,623.5595,1325.0274
5,52,10000000,120.3677,636.3927,1308.8337
5,53,10000000,121.2121,631.4767,1308.5882
5,54,10000000,116.5394,640.3036,1315.8029
5,55,10000000,121.5443,631.438,1306.254
5,56,10000000,123.5118,630.7423,1309.6664
5,57,10000000,119.2988,629.0794,1306.3497
5,58,10000000,118.9722,623.5824,1311.66
5,59,10000000,119.7735,626.4609,1320.1215
5,60,10000000,121.279,627.173,1306.6242
5,61,10000000,121.6627,625.1889,1335.6707
5,62,10000000,116.107,622.8023,1396.6877
5,63,10000000,125.7826,650.7123,1311.5623
5,64,10000000,120.0299,620.7106,1310.3782
5,65,10000000,120.5738,627.4591,1295.0559
5,66,10000000,120.1933,624.073,1298.8345
5,67,10000000,118.8304,626.46,1298.7207
5,68,10000000,116.5247,622.1097,1357.1875
5,69,10000000,130.8057,629.981,1316.2476
5,70,10000000,123.4567,651.1071,1314.2135
5,71,10000000,119.7612,627.7612,1325.0212
5,72,10000000,122.9751,638.2159,1313.3332
5,73,10000000,120.2256,637.6165,1324.274
5,74,10000000,121.66,651.0807,1511.3796
5,75,10000000,133.5041,695.7366,1463.25
5,76,10000000,141.6911,644.464,1329.9104
5,77,10000000,129.394,687.772,1365.5549
5,78,10000000,136.362,734.6046,1488.7443
5,79,10000000,135.5952,680.6531,1464.9067
5,80,10000000,149.6861,725.1446,1483.9239
5,81,10000000,139.0666,668.8686,1293.4548
5,82,10000000,121.3174,621.0676,1380.1411
5,83,10000000,148.2942,692.4119,1511.566
5,84,10000000,140.2412,718.1944,1371.7291
5,85,10000000,143.1843,709.9195,1447.382
5,86,10000000,127.712,711.0294,1333.5358
5,87,10000000,130.2673,648.6765,1340.8476
5,88,10000000,121.4912,639.8653,1326.6781
5,89,10000000,124.433,635.8967,1346.9217
5,90,10000000,122.2115,632.7861,1331.2705
5,91,10000000,125.1592,636.9075,1379.2519
5,92,10000000,136.2639,666.7648,1325.1574
5,93,10000000,124.7703,633.0533,1316.1168
5,94,10000000,122.5545,639.4726,1337.2052
5,95,10000000,127.3107,642.0866,1321.0904
5,96,10000000,118.05,641.0593,1343.0755
5,97,10000000,125.5161,638.8701,1327.509
5,98,10000000,124.6489,634.3851,1336.148
5,99,10000000,121.8949,651.2815,1338.1131
6,0,10000000,129.4829,640.3615,1328.2754
6,1,10000000,120.6022,644.4075,1343.5782
6,2,10000000,120.7245,638.2966,1337.8475
6,3,10000000,123.2832,641.0907,1330.1272
6,4,10000000,121.6913,630.8474,1315.6012
6,5,10000000,118.5234,630.9068,1324.7825
6,6,10000000,127.0255,636.0474,1355.5739
6,7,10000000,117.7362,635.8125,1321.8305
6,8,10000000,119.0631,636.3174,1341.1442
6,9,10000000,118.9327,635.8526,1327.7736
6,10,10000000,117.6992,638.8071,1373.3357
6,11,10000000,120.8639,638.1273,1333.467
6,12,10000000,120.6571,628.0194,1320.1969
6,13,10000000,129.9948,631.5438,1334.76
6,14,10000000,119.8488,634.5151,1312.3483
6,15,10000000,129.44,631.0293,1326.1988
6,16,10000000,117.3749,636.67,1319.8953
6,17,10000000,120.3728,636.9827,1317.3783
6,18,10000000,119.1737,635.9169,1360.8364
6,19,10000000,118.9407,630.1581,1323.7229
6,20,10000000,122.6363,635.0645,1317.5828
6,21,10000000,121.9015,633.129,1325.3057
6,22,10000000,123.6259,632.2866,1333.9603
6,23,10000000,121.5027,639.5053,1366.2135
6,24,10000000,149.3826,648.5596,1328.2091
6,25,10000000,118.8029,642.4124,1317.1052
6,26,10000000,118.3431,639.483,1308.2692
6,27,10000000,118.9958,640.6303,1325.4328
6,28,10000000,118.5257,634.0829,1322.5305
6,29,10000000,121.8171,634.0134,1321.015
6,30,10000000,116.4278,655.6393,1351.9776
6,31,10000000,120.0219,630.2855,1310.1066
6,32,10000000,120.2548,630.2882,1305.6922
6,33,10000000,119.2168,634.4599,1319.9785
6,34,10000000,114.4675,631.7063,1360.1131
6,35,10000000,115.5518,641.4814,1322.9875
6,36,10000000,121.3514,625.6922,1322.2129
6,37,10000000,119.5176,641.667,1323.8473
6,38,10000000,113.7807,627.7205,1320.2929
6,39,10000000,121.1685,644.7366,1313.301
6,40,10000000,119.1443,636.8402,1325.2598
6,41,10000000,118.3868,654.4538,1305.9329
6,42,10000000,120.2934,634.3354,1319.8872
6,43,10000000,118.1359,634.4803,1318.7474
6,44,10000000,120.0297,631.7963,1305.5757
6,45,10000000,118.8746,635.5323,1317.4068
6,46,10000000,117.5327,626.7054,1299.9472
6,47,10000000,114.8539,625.9583,1318.8912
6,48,10000000,116.5512,625.342,1326.2202
6,49,10000000,117.3114,637.4449,1315.0184
6,50,10000000,123.1196,632.4737,1346.3863
6,51,10000000,119.5154,658.7108,1317.2113
6,52,10000000,119.4196,627.7357,1306.063
6,53,10000000,119.1057,631.826,1309.4607
6,54,10000000,115.2897,634.9797,1318.8523
6,55,10000000,119.5544,626.9177,1313.9756
6,56,10000000,117.2969,622.271,1328.527
6,57,10000000,124.7511,621.1837,1326.368
6,58,10000000,119.3708,630.7468,1308.4948
6,59,10000000,116.7695,631.0434,1311.6752
6,60,10000000,121.425,626.6861,1301.2233
6,61,10000000,118.8175,625.106,1307.9688
6,62,10000000,118.7666,630.0113,1302.1764
6,63,10000000,119.2459,627.0311,1299.4381
6,64,10000000,117.4841,646.1456,1316.6329
6,65,10000000,121.2681,622.3966,1298.2435
6,66,10000000,119.2531,626.6703,1324.8316
6,67,10000000,117.6058,635.3554,1305.9414
6,68,10000000,118.4357,626.0893,1320.5455
6,69,10000000,114.0077,625.9464,1314.8142
6,70,10000000,118.5366,627.7063,1306.9352
6,71,10000000,114.33,640.1944,1313.8046
6,72,10000000,117.3448,629.5307,1309.7659
6,73,10000000,118.6774,629.2394,1300.0242
6,74,10000000,119.8216,626.6652,1308.4918
6,75,10000000,115.4101,637.7844,1326.4176
6,76,10000000,120.4253,632.1541,1317.694
6,77,10000000,117.8995,635.3012,1321.9192
6,78,10000000,116.397,637.5069,1320.0249
6,79,10000000,117.8551,628.0743,1324.6449
6,80,10000000,118.3155,626.5724,1333.3523
6,81,10000000,116.4913,640.2052,1338.8804
6,82,10000000,115.4971,642.0416,1339.8075
6,83,10000000,118.9289,622.9649,1319.9702
6,84,10000000,118.3473,626.1234,1298.5859
6,85,10000000,120.6408,623.2908,1305.9089
6,86,10000000,117.9177,621.9232,1309.9615
6,87,10000000,117.6011,626.331,1299.4268
6,88,10000000,114.635,625.2794,1307.6566
6,89,10000000,117.4903,635.4772,1303.6271
6,90,10000000,117.7492,636.4285,1305.2593
6,91,10000000,115.0036,623.4632,1313.3187
6,92,10000000,115.7358,643.1875,1319.4009
6,93,10000000,117.4843,631.895,1312.5687
6,94,10000000,115.9044,628.8175,1314.2497
6,95,10000000,118.5319,625.99,1310.458
6,96,10000000,120.177,624.6612,1334.2792
6,97,10000000,118.7163,624.2342,1313.3119
6,98,10000000,115.1428,628.6188,1328.2984
6,99,10000000,115.9414,637.2777,1308.5703
7,0,10000000,117.4093,624.077,1305.9289
7,1,10000000,114.4435,632.0658,1312.9723
7,2,10000000,116.5174,624.791,1312.7705
7,3,10000000,114.0627,627.0637,1305.7226
7,4,10000000,118.4234,626.8616,1313.5217
7,5,10000000,116.5957,628.9694,1311.0215
7,6,10000000,120.1551,628.8673,1311.0315
7,7,10000000,116.6955,624.1605,1307.3587
7,8,10000000,120.1894,629.2178,1308.9489
7,9,10000000,118.7309,639.5664,1311.8371
7,10,10000000,116.4631,632.9179,1312.5779
7,11,10000000,114.8454,626.8603,1307.4941
7,12,10000000,116.3484,627.0327,1304.9309
7,13,10000000,114.7443,627.2853,1307.7024
7,14,10000000,116.0631,623.2255,1310.7825
7,15,10000000,139.3662,625.9204,1302.7679
7,16,10000000,119.5906,626.659,1313.9179
7,17,10000000,114.4695,628.7989,1303.9823
7,18,10000000,117.6299,625.1586,1312.2504
7,19,10000000,120.5922,626.7305,1304.8767
7,20,10000000,115.8787,630.0576,1318.2771
7,21,10000000,120.7975,626.9862,1304.6573
7,22,10000000,117.1503,626.9507,1307.1643
7,23,10000000,118.0585,627.762,1306.6233
7,24,10000000,118.7983,624.1564,1310.2227
7,25,10000000,115.5993,627.566,1315.2339
7,26,10000000,117.3724,622.8661,1309.1203
7,27,10000000,119.4521,625.6999,1308.3849
7,28,10000000,114.7853,627.0106,1309.9621
7,29,10000000,115.443,637.311,1310.0089
7,30,10000000,120.237,624.2153,1303.2234
7,31,10000000,118.3128,622.5585,1310.9683
7,32,10000000,115.8182,624.6949,1303.4922
7,33,10000000,117.4665,623.6325,1306.4591
7,34,10000000,118.3236,621.1889,1303.967
7,35,10000000,118.13,628.5139,1301.9493
7,36,10000000,121.0816,626.5922,1308.6296
7,37,10000000,120.8393,630.2528,1305.8489
7,38,10000000,117.5297,625.2563,1306.7085
7,39,10000000,120.9013,625.9683,1305.4245
7,40,10000000,116.0121,629.6834,1313.683
7,41,10000000,116.279,631.228,1309.3385
7,42,10000000,116.1268,631.9206,1307.0177
7,43,10000000,112.9458,627.7851,1309.4451
7,44,10000000,116.0438,622.7696,1319.1051
7,45,10000000,118.6024,633.6065,1328.1534
7,46,10000000,112.3678,635.078,1306.643
7,47,10000000,120.1852,624.3202,1317.9105
7,48,10000000,116.9992,625.6516,1305.481
7,49,10000000,115.5063,631.6458,1308.62
7,50,10000000,118.1998,624.0944,1314.9353
7,51,10000000,116.3639,626.4835,1308.939
7,52,10000000,117.9464,629.0402,1305.8786
7,53,10000000,116.48,631.6213,1330.6767
7,54,10000000,117.4645,627.6102,1308.1501
7,55,10000000,116.3035,624.4734,1320.318
7,56,10000000,117.292,631.7962,1314.673
7,57,10000000,116.8677,629.8929,1300.5902
7,58,10000000,117.292,627.5128,1316.0519
7,59,10000000,120.0108,650.9931,1322.2834
7,60,10000000,118.1617,644.6744,1317.3128
7,61,10000000,121.0253,632.7663,1317.451
7,62,10000000,116.7716,626.8758,1308.1891
7,63,10000000,119.389,623.9871,1303.4882
7,64,10000000,115.8481,633.4635,1305.9965
7,65,10000000,115.3225,631.4185,1303.2234
7,66,10000000,121.8313,631.3451,1313.0287
7,67,10000000,114.4025,623.3652,1308.6664
7,68,10000000,117.8774,629.861,1310.8145
7,69,10000000,124.2294,640.6003,1303.8197
7,70,10000000,118.3527,625.7609,1311.1949
7,71,10000000,119.3202,624.0392,1299.9895
7,72,10000000,116.486,634.4024,1319.5415
7,73,10000000,120.5924,622.8916,1298.115
7,74,10000000,116.9187,625.849,1316.2416
7,75,10000000,119.5828,628.901,1309.3905
7,76,10000000,120.7304,626.996,1305.3268
7,77,10000000,116.3156,626.907,1305.9553
7,78,10000000,116.0339,624.5338,1298.617
7,79,10000000,118.4197,622.9827,1304.3876
7,80,10000000,116.6054,623.7111,1307.0037
7,81,10000000,114.6514,624.0557,1307.3112
7,82,10000000,121.1125,626.0081,1308.3861
7,83,10000000,115.7902,623.4654,1305.5457
7,84,10000000,120.259,626.1164,1319.2092
7,85,10000000,116.4245,629.2937,1312.0482
7,86,10000000,116.8326,624.5755,1300.727
7,87,10000000,119.9241,629.3943,1303.4819
7,88,10000000,115.7354,626.784,1304.913
7,89,10000000,116.0103,627.9096,1302.5672
7,90,10000000,117.8061,637.6791,1312.4801
7,91,10000000,118.114,625.1073,1304.8818
7,92,10000000,115.6768,627.6177,1302.9867
7,93,10000000,117.4137,625.2545,1313.263
7,94,10000000,118.8335,633.8268,1306.9854
7,95,10000000,115.5595,626.1602,1302.3069
7,96,10000000,124.4135,624.3836,1304.1989
7,97,10000000,117.4913,626.9651,1306.5775
7,98,10000000,117.1715,625.2728,1304.4337
7,99,10000000,118.6091,623.0231,1311.0374
8,0,10000000,115.4931,625.118,1307.4211
8,1,10000000,116.5903,623.7583,1314.9069
8,2,10000000,117.043,626.9359,1302.7725
8,3,10000000,119.5472,628.0626,1304.9501
8,4,10000000,118.8043,630.368,1299.8108
8,5,10000000,117.8876,624.1929,1298.4311
8,6,10000000,121.071,624.5903,1312.6201
8,7,10000000,117.9598,627.7344,1300.5927
8,8,10000000,115.6547,625.5112,1306.8784
8,9,10000000,117.8364,634.4688,1296.8464
8,10,10000000,117.3149,628.6162,1306.0409
8,11,10000000,118.396,628.7865,1305.1973
8,12,10000000,116.1692,628.4658,1304.1136
8,13,10000000,122.1666,633.2673,1301.7648
8,14,10000000,120.6693,627.0053,1304.398
8,15,10000000,115.3349,629.5475,1303.7748
8,16,10000000,114.7368,627.3297,1303.6985
8,17,10000000,115.8798,630.252,1305.5441
8,18,10000000,115.9655,626.6699,1307.7783
8,19,10000000,115.5231,627.3748,1303.2144
8,20,10000000,120.7886,630.0195,1305.1317
8,21,10000000,117.6522,623.2336,1307.5362
8,22,10000000,118.2869,625.727,1322.9796
8,23,10000000,115.7373,629.1933,1306.7397
8,24,10000000,119.0806,623.9003,1300.8024
8,25,10000000,116.1122,631.2933,1303.3538
8,26,10000000,117.8266,625.8624,1306.9854
8,27,10000000,122.9345,629.019,1306.4238
8,28,10000000,120.696,623.9229,1309.9077
8,29,10000000,119.7286,627.7429,1308.5048
8,30,10000000,116.0032,626.0766,1307.7647
8,31,10000000,115.3923,627.4599,1309.4373
8,32,10000000,118.3294,627.4611,1309.3713
8,33,10000000,114.8509,627.1406,1308.8141
8,34,10000000,116.466,627.1981,1307.1701
8,35,10000000,118.2576,628.209,1304.8728
8,36,10000000,116.8742,625.3086,1306.5266
8,37,10000000,115.1811,624.1668,1309.5247
8,38,10000000,115.8101,626.3954,1309.1328
8,39,10000000,117.225,626.2666,1309.4104
8,40,10000000,118.7691,626.9978,1303.8673
8,41,10000000,115.0274,630.4056,1310.9155
8,42,10000000,117.8443,632.5372,1305.818
8,43,10000000,118.685,627.3548,1311.3528
8,44,10000000,120.0181,628.9274,1304.5902
8,45,10000000,118.4268,622.9773,1307.6132
8,46,10000000,119.6959,621.256,1312.8812
8,47,10000000,117.3756,627.6039,1294.8997
8,48,10000000,116.5556,628.7627,1311.5204
8,49,10000000,115.1263,623.3882,1308.4842
8,50,10000000,115.6739,624.4879,1316.998
8,51,10000000,117.1145,623.6202,1306.3596
8,52,10000000,118.4012,627.4048,1307.8324
8,53,10000000,115.322,641.1675,1314.7104
8,54,10000000,115.5799,636.8888,1325.8935
8,55,10000000,122.9417,629.8875,1310.2059
8,56,10000000,119.2794,626.1763,1323.7039
8,57,10000000,118.787,627.3089,1312.7877
8,58,10000000,119.7264,622.971,1304.7939
8,59,10000000,121.538,623.8359,1308.2939
8,60,10000000,118.9224,623.0614,1302.8095
8,61,10000000,117.0496,626.1974,1308.9183
8,62,10000000,116.3099,623.4033,1309.8742
8,63,10000000,114.8656,626.9921,1311.1923
8,64,10000000,115.8178,638.797,1314.5088
8,65,10000000,115.4327,626.7906,1312.4524
8,66,10000000,116.2704,630.0543,1311.5163
8,67,10000000,117.6769,621.967,1316.9923
8,68,10000000,116.9715,626.2957,1312.2446
8,69,10000000,117.2784,631.2775,1310.7619
8,70,10000000,116.1276,631.7131,1311.6676
8,71,10000000,115.8113,627.4847,1310.389
8,72,10000000,120.4268,635.3677,1313.3973
8,73,10000000,115.719,626.3906,1310.8502
8,74,10000000,120.981,630.5896,1327.0907
8,75,10000000,117.3467,628.0023,1305.0243
8,76,10000000,121.1554,625.9548,1297.125
8,77,10000000,117.6134,626.2727,1311.8777
8,78,10000000,114.5976,626.1742,1307.5033
8,79,10000000,114.2096,631.4649,1299.1269
8,80,10000000,117.6435,633.0956,1303.9427
8,81,10000000,118.2216,622.8781,1315.738
8,82,10000000,114.185,634.8439,1308.5872
8,83,10000000,117.6657,623.2771,1315.2361
8,84,10000000,121.0162,631.8151,1320.9077
8,85,10000000,119.1567,633.0901,1305.0014
8,86,10000000,116.6178,630.5883,1329.357
8,87,10000000,116.2632,637.9863,1305.2285
8,88,10000000,116.1748,635.4995,1306.1668
8,89,10000000,118.2645,624.8391,1301.4497
8,90,10000000,113.6853,621.3662,1298.071
8,91,10000000,117.7724,627.2748,1312.0631
8,92,10000000,113.9459,621.5649,1311.5396
8,93,10000000,118.4323,626.1744,1307.6639
8,94,10000000,116.2754,637.328,1314.2724
8,95,10000000,118.5495,630.7813,1302.9289
8,96,10000000,117.6624,633.9019,1300.7487
8,97,10000000,115.764,626.479,1300.8422
8,98,10000000,117.066,627.0042,1301.9444
8,99,10000000,116.0157,623.1438,1308.8072
9,0,10000000,118.1134,628.5976,1304.1375
9,1,10000000,121.2899,619.657,1303.2043
9,2,10000000,118.8723,627.1982,1305.2369
9,3,10000000,117.0444,622.6214,1307.4952
9,4,10000000,119.9629,629.05,1303.1932
9,5,10000000,115.8006,627.324,1298.3765
9,6,10000000,116.2242,625.0943,1310.8441
9,7,10000000,117.2416,632.6434,1305.652
9,8,10000000,121.7328,625.7293,1304.6323
9,9,10000000,118.9065,637.6637,1319.2377
9,10,10000000,120.1904,629.8968,1305.3273
9,11,10000000,115.8709,626.3314,1307.724
9,12,10000000,124.0358,629.538,1305.1746
9,13,10000000,125.8531,629.3333,1336.9404
9,14,10000000,115.7439,628.2376,1303.2838
9,15,10000000,115.0115,649.242,1301.1087
9,16,10000000,116.5144,627.6181,1304.6136
9,17,10000000,116.9978,626.9936,1302.7955
9,18,10000000,121.0342,628.8805,1303.8625
9,19,10000000,123.2646,628.6588,1303.607
9,20,10000000,114.5906,625.3218,1303.0972
9,21,10000000,120.4318,629.9147,1310.071
9,22,10000000,115.8037,627.0535,1313.426
9,23,10000000,117.5893,627.5781,1339.3867
9,24,10000000,121.7119,630.1705,1302.25
9,25,10000000,117.2244,629.1364,1301.4256
9,26,10000000,116.6768,624.6396,1308.8601
9,27,10000000,117.5789,624.3727,1315.8347
9,28,10000000,122.2416,625.3035,1309.506
9,29,10000000,115.8738,640.9971,1515.2127
9,30,10000000,119.8037,641.6317,1319.3538
9,31,10000000,125.6387,636.0229,1308.9938
9,32,10000000,119.3409,630.1613,1301.0001
9,33,10000000,116.8949,630.7769,1306.6917
9,34,10000000,120.5359,639.9746,1315.6009
9,35,10000000,120.0062,630.0841,1309.5889
9,36,10000000,116.6036,625.5951,1305.4213
9,37,10000000,117.0611,625.8933,1306.761
9,38,10000000,115.616,627.8329,1312.4146
9,39,10000000,117.6828,628.978,1311.5476
9,40,10000000,115.5408,628.4683,1307.6715
9,41,10000000,117.6179,633.5339,1303.862
9,42,10000000,117.1637,628.2369,1318.4178
9,43,10000000,115.5463,626.7513,1307.6421
9,44,10000000,118.8266,631.464,1308.7856
9,45,10000000,119.7193,629.335,1316.361
9,46,10000000,114.515,631.9507,1326.0058
9,47,10000000,114.661,635.0973,1308.4858
9,48,10000000,120.2884,627.5582,1305.7378
9,49,10000000,117.0371,631.8263,1315.4662
9,50,10000000,119.7976,628.7973,1316.026
9,51,10000000,118.0659,626.404,1328.2516
9,52,10000000,118.7852,630.1543,1309.594
9,53,10000000,117.3768,628.2292,1318.4874
9,54,10000000,127.6383,634.0054,1308.099
9,55,10000000,113.8529,629.9492,1311.5192
9,56,10000000,116.9147,628.5964,1308.2515
9,57,10000000,117.8989,625.3369,1311.9927
9,58,10000000,114.8614,631.228,1308.3792
9,59,10000000,116.6155,626.2455,1302.2834
9,60,10000000,116.8132,624.1047,1306.2357
9,61,10000000,120.5097,626.679,1311.2066
9,62,10000000,120.746,629.4248,1307.3222
9,63,10000000,114.8027,627.5526,1313.3872
9,64,10000000,117.2684,630.1087,1312.9783
9,65,10000000,121.5769,623.9323,1321.8802
9,66,10000000,115.1853,632.1251,1319.633
9,67,10000000,117.3436,630.2288,1307.5843
9,68,10000000,118.2541,625.8234,1313.1974
9,69,10000000,115.9896,631.6708,1303.5204
9,70,10000000,117.9386,627.043,1315.4399
9,71,10000000,117.6559,631.1459,1309.8977
9,72,10000000,114.3094,635.396,1316.8356
9,73,10000000,119.1046,630.0373,1310.4707
9,74,10000000,116.1175,628.5933,1315.7652
9,75,10000000,116.7814,626.1723,1311.472
9,76,10000000,117.058,631.6226,1310.6327
9,77,10000000,121.5481,629.8775,1315.4182
9,78,10000000,116.4184,626.1007,1303.4983
9,79,10000000,117.6581,626.0408,1303.3944
9,80,10000000,118.7968,627.9221,1306.4435
9,81,10000000,120.4329,629.3142,1318.8143
9,82,10000000,117.0559,625.2618,1312.3041
9,83,10000000,118.1579,626.7386,1311.0032
9,84,10000000,115.2689,628.1709,1319.9479
9,85,10000000,116.8702,623.0147,1324.0004
9,86,10000000,119.0699,632.2051,1306.9431
9,87,10000000,118.7907,623.7681,1301.8475
9,88,10000000,115.9143,625.7984,1304.3928
9,89,10000000,116.7843,632.594,1306.0959
9,90,10000000,118.4424,628.904,1311.6679
9,91,10000000,116.087,625.7824,1314.005
9,92,10000000,115.5962,626.0078,1312.0212
9,93,10000000,113.8704,627.1195,1308.8038
9,94,10000000,116.7708,630.3805,1314.4167
9,95,10000000,117.0731,639.8478,1315.1452
9,96,10000000,118.4419,627.8223,1309.1201
9,97,10000000,121.0452,625.6635,1306.8368
9,98,10000000,118.0691,628.8149,1315.6021
9,99,10000000,114.9595,620.8743,1311.1305
10,0,10000000,118.3687,625.757,1305.4798
10,1,10000000,118.7829,628.085,1332.8681
10,2,10000000,116.1755,630.5342,1305.6714
10,3,10000000,119.0356,622.8527,1301.3897
10,4,10000000,117.708,629.9333,1317.1814
10,5,10000000,116.78,626.7638,1306.484
10,6,10000000,141.2223,626.7471,1320.1195
10,7,10000000,117.995,627.0996,1304.8621
10,8,10000000,118.9405,639.1231,1313.6611
10,9,10000000,117.9807,625.0487,1304.4837
10,10,10000000,116.4157,627.4198,1307.2023
10,11,10000000,116.22,623.77,1314.4402
10,12,10000000,117.257,633.1961,1313.3147
10,13,10000000,118.5318,623.7496,1308.8751
10,14,10000000,117.87,621.01,1314.4072
10,15,10000000,120.5063,634.1773,1305.3863
10,16,10000000,121.1026,627.981,1328.8146
10,17,10000000,117.8438,626.8278,1301.245
10,18,10000000,116.7863,629.8782,1308.3695
10,19,10000000,115.3735,629.9055,1309.9386
10,20,10000000,117.8928,633.2209,1310.6846
10,21,10000000,120.6051,621.7371,1307.7899
10,22,10000000,116.5943,635.756,1309.9078
10,23,10000000,120.1695,627.0152,1304.3925
10,24,10000000,116.5955,632.641,1307.2381
10,25,10000000,116.2313,635.7349,1315.4212
10,26,10000000,116.9226,630.5432,1301.8082
10,27,10000000,118.3371,630.4891,1318.177
10,28,10000000,119.6277,631.0226,1306.0334
10,29,10000000,120.018,648.8816,1308.8033
10,30,10000000,115.8075,625.1887,1307.7608
10,31,10000000,118.2466,628.0331,1312.7377
10,32,10000000,121.2023,623.4745,1310.382
10,33,10000000,119.5995,630.6333,1328.4467
10,34,10000000,124.4744,627.1941,1309.0582
10,35,10000000,116.8523,627.1465,1308.682
10,36,10000000,117.1517,627.7059,1312.4178
10,37,10000000,116.3602,634.5453,1305.7289
10,38,10000000,117.2002,628.6976,1304.6358
10,39,10000000,115.4415,631.5747,1311.4807
10,40,10000000,119.8536,625.1508,1318.9422
10,41,10000000,122.5197,631.9686,1303.0749
10,42,10000000,117.1904,623.6063,1309.0471
10,43,10000000,116.056,626.3003,1322.8362
10,44,10000000,118.7505,637.511,1329.0815
10,45,10000000,117.3457,628.8557,1322.1518
10,46,10000000,116.3262,633.7834,1307.1358
10,47,10000000,117.1735,628.1234,1306.3328
10,48,10000000,118.9121,626.6354,1326.0168
10,49,10000000,120.3697,628.6167,1313.7175
10,50,10000000,115.7335,628.5706,1307.9897
10,51,10000000,116.4962,624.1394,1311.7568
10,52,10000000,116.6655,627.2987,1311.6226
10,53,10000000,116.4719,632.7311,1306.4581
10,54,10000000,114.887,627.4922,1312.1137
10,55,10000000,116.315,628.3967,1315.0163
10,56,10000000,119.9906,626.3905,1309.2582
10,57,10000000,118.8044,630.4541,1313.1335
10,58,10000000,114.5614,624.972,1302.8521
10,59,10000000,119.2748,629.8004,1311.1694
10,60,10000000,117.7743,626.2048,1332.0641
10,61,10000000,117.4414,628.9945,1306.6783
10,62,10000000,117.3803,633.0256,1312.3793
10,63,10000000,117.947,640.2957,1322.839
10,64,10000000,117.859,629.7085,1316.6432
10,65,10000000,121.1866,630.121,1320.4544
10,66,10000000,119.9906,627.9354,1314.2439
10,67,10000000,120.8889,626.3857,1321.8963
10,68,10000000,119.7318,631.3926,1316.3497
10,69,10000000,118.8514,631.0186,1319.2709
10,70,10000000,120.3012,629.3509,1317.224
10,71,10000000,114.8077,628.0066,1310.3204
10,72,10000000,118.9813,627.4107,1314.1406
10,73,10000000,114.1752,627.3205,1314.5553
10,74,10000000,116.3533,628.0388,1310.2947
10,75,10000000,117.8719,626.5274,1307.3952
10,76,10000000,121.9206,624.4028,1322.8904
10,77,10000000,117.6649,627.7472,1309.1891
10,78,10000000,117.9819,628.4489,1315.5158
10,79,10000000,117.4159,635.8233,1310.6116
10,80,10000000,119.5831,628.3405,1310.4004
10,81,10000000,116.4288,628.3199,1303.9099
10,82,10000000,115.4988,636.6889,1310.2195
10,83,10000000,120.9326,623.7535,1321.3511
10,84,10000000,118.2409,625.373,1322.2722
10,85,10000000,119.3107,626.5636,1308.6143
10,86,10000000,116.7326,627.5013,1310.4719
10,87,10000000,115.7868,629.537,1322.1518
10,88,10000000,119.0648,624.4413,1312.4166
10,89,10000000,117.7921,625.3548,1314.1702
10,90,10000000,114.5885,641.7608,1302.4357
10,91,10000000,117.2495,629.8822,1308.6532
10,92,10000000,121.0002,625.6626,1309.2557
10,93,10000000,127.4494,626.9331,1310.2663
10,94,10000000,118.2826,628.167,1316.2799
10,95,10000000,119.4645,640.3852,1314.7276
10,96,10000000,119.6698,644.7196,1310.0607
10,97,10000000,118.0747,623.4658,1318.5343
10,98,10000000,121.1599,636.173,1323.8412
10,99,10000000,118.022,626.2349,1320.376
11,0,10000000,124.0655,630.1883,1326.5547
11,1,10000000,120.7124,631.1021,1306.6479
11,2,10000000,119.6362,625.3472,1308.8005
11,3,10000000,124.0412,623.7889,1302.2387
11,4,10000000,120.2537,627.5204,1317.9397
11,5,10000000,116.5462,624.8491,1307.5265
11,6,10000000,123.2215,632.9914,1312.7268
11,7,10000000,124.5644,633.4417,1300.4322
11,8,10000000,121.754,629.2246,1311.0594
11,9,10000000,119.0103,633.6614,1302.8889
11,10,10000000,115.3957,625.9254,1316.6702
11,11,10000000,117.6258,620.3347,1312.1804
11,12,10000000,119.6751,625.0875,1314.8349
11,13,10000000,115.4901,636.1345,1307.6326
11,14,10000000,117.5656,651.5666,1325.6671
11,15,10000000,115.4517,629.6068,1307.8989
11,16,10000000,115.2777,634.7152,1311.5492
11,17,10000000,121.162,644.1966,1307.8927
11,18,10000000,117.8735,631.2695,1345.0902
11,19,10000000,117.1733,628.7502,1315.2881
11,20,10000000,116.5136,626.6324,1310.6764
11,21,10000000,115.427,627.827,1307.3828
11,22,10000000,115.612,629.0295,1320.2948
11,23,10000000,115.236,631.7586,1322.5392
11,24,10000000,116.1521,650.3333,1333.1887
11,25,10000000,115.7643,626.0734,1332.1207
11,26,10000000,116.5512,634.5286,1329.1706
11,27,10000000,115.234,645.6976,1358.5668
11,28,10000000,117.0832,640.608,1317.2685
11,29,10000000,119.4525,631.6299,1342.2613
11,30,10000000,115.1201,629.4473,1322.1613
11,31,10000000,116.4983,626.2565,1341.0979
11,32,10000000,116.5686,634.0007,1323.0681
11,33,10000000,116.3945,651.4203,1324.6754
11,34,10000000,117.175,636.1984,1307.5393
11,35,10000000,121.1498,629.5117,1305.0828
11,36,10000000,120.2066,624.337,1307.5988
11,37,10000000,119.3814,637.0299,1312.3538
11,38,10000000,115.3789,626.4118,1325.3963
11,39,10000000,117.6627,623.2643,1303.6626
11,40,10000000,118.5468,625.2051,1309.7042
11,41,10000000,115.7856,628.4157,1319.963
11,42,10000000,117.0937,628.4008,1314.7033
11,43,10000000,116.8592,645.9133,1317.1475
11,44,10000000,117.8216,628.8275,1331.9455
11,45,10000000,120.6958,630.8393,1310.6443
11,46,10000000,117.0822,642.3313,1313.4559
11,47,10000000,115.0044,629.1758,1308.3138
11,48,10000000,113.1271,627.5969,1319.7153
11,49,10000000,137.6636,626.5084,1305.2144
11,50,10000000,119.2323,624.9038,1307.2095
11,51,10000000,120.9154,626.2019,1302.9475
11,52,10000000,116.3146,624.7026,1309.6777
11,53,10000000,119.1282,626.1901,1305.8493
11,54,10000000,115.5653,624.9405,1300.573
11,55,10000000,121.9336,626.8524,1308.8359
11,56,10000000,120.0963,628.0152,1305.7983
11,57,10000000,116.299,626.1963,1302.4448
11,58,10000000,115.6699,625.9987,1306.9312
11,59,10000000,117.5103,623.1076,1306.0373
11,60,10000000,116.8878,628.2949,1300.063
11,61,10000000,117.5507,628.6628,1301.3386
11,62,10000000,116.3351,624.6628,1307.1612
11,63,10000000,118.3152,624.0672,1309.0344
11,64,10000000,120.4623,628.6371,1304.6795
11,65,10000000,115.1941,632.1936,1314.7502
11,66,10000000,116.4859,630.7652,1305.911
11,67,10000000,119.1368,627.3079,1308.8859
11,68,10000000,119.5245,627.8601,1303.3177
11,69,10000000,115.4434,628.0422,1310.0875
11,70,10000000,116.2624,624.4243,1309.1912
11,71,10000000,121.424,627.6614,1314.8274
11,72,10000000,121.0356,626.1852,1311.7903
11,73,10000000,118.7097,626.0837,1312.4487
11,74,10000000,116.8933,629.4442,1309.2908
11,75,10000000,119.9886,623.4395,1308.0386
11,76,10000000,117.4413,626.9749,1304.0726
11,77,10000000,119.3698,624.3099,1309.223
11,78,10000000,114.0183,628.7136,1314.5152
11,79,10000000,119.0761,626.1457,1303.8159
11,80,10000000,117.484,625.6914,1306.2776
11,81,10000000,118.7018,623.7604,1311.7987
11,82,10000000,123.1895,628.0797,1312.2417
11,83,10000000,113.7023,629.4085,1309.6126
11,84,10000000,116.0052,634.6297,1303.3646
11,85,10000000,115.0796,624.631,1308.0815
11,86,10000000,121.5051,626.5547,1310.6645
11,87,10000000,116.325,624.9267,1309.5877
11,88,10000000,115.2753,626.3478,1304.633
11,89,10000000,122.3591,623.2189,1313.0576
11,90,10000000,118.3988,623.3745,1312.1956
11,91,10000000,116.9373,628.1503,1313.4255
11,92,10000000,115.9004,627.2516,1304.8138
11,93,10000000,115.4673,624.6609,1303.6668
11,94,10000000,115.789,627.4075,1306.8051
11,95,10000000,115.8081,632.0352,1307.9162
11,96,10000000,117.4148,623.0233,1315.4873
11,97,10000000,116.3938,624.4269,1312.5228
11,98,10000000,118.396,628.0497,1302.7706
11,99,10000000,116.8384,633.4231,1306.4383
12,0,10000000,116.5168,639.9855,1327.1123
12,1,10000000,115.672,628.4914,1314.3341
12,2,10000000,114.9047,632.3421,1315.1142
12,3,10000000,116.7155,639.378,1307.5252
12,4,10000000,117.7821,647.5905,1328.4714
12,5,10000000,119.7372,633.2465,1317.9047
12,6,10000000,114.5468,645.988,1306.9872
12,7,10000000,117.3515,640.8848,1318.3824
12,8,10000000,118.6268,629.1201,1331.8729
12,9,10000000,118.7768,630.9518,1318.6626
12,10,10000000,121.3225,630.237,1325.039
12,11,10000000,115.0078,631.5483,1305.8479
12,12,10000000,118.2168,624.9394,1313.4132
12,13,10000000,117.0224,623.3577,1331.953
12,14,10000000,117.2368,624.1401,1321.9784
12,15,10000000,118.2135,628.358,1320.4655
12,16,10000000,118.0476,625.7812,1307.8499
12,17,10000000,114.286,629.2604,1311.9547
12,18,10000000,120.2668,635.0992,1322.2205
12,19,10000000,115.3854,629.9157,1314.7755
12,20,10000000,112.7792,635.4622,1311.9056
12,21,10000000,113.7504,628.2428,1322.0094
12,22,10000000,115.8673,641.8544,1326.6574
12,23,10000000,113.5799,626.3868,1321.5123
12,24,10000000,115.753,626.1189,1309.9276
12,25,10000000,115.8435,627.4305,1316.6499
12,26,10000000,114.7358,623.8812,1316.0101
12,27,10000000,119.3359,624.4879,1313.9698
12,28,10000000,115.9283,625.8692,1314.658
12,29,10000000,119.2095,619.7038,1314.4824
12,30,10000000,115.8703,627.0141,1315.4094
12,31,10000000,114.484,636.619,1301.5889
12,32,10000000,117.2527,626.961,1307.1373
12,33,10000000,116.1015,626.9165,1309.074
12,34,10000000,115.653,629.2195,1303.2439
12,35,10000000,114.6259,626.7406,1316.9519
12,36,10000000,113.3013,627.02,1311.1538
12,37,10000000,120.7423,631.5088,1306.099
12,38,10000000,116.7166,630.976,1326.8918
12,39,10000000,119.6381,626.8129,1310.0551
12,40,10000000,119.8484,625.9318,1304.776
12,41,10000000,115.3681,628.2703,1304.7245
12,42,10000000,117.0646,626.2732,1317.3536
12,43,10000000,116.0372,622.8157,1308.9348
12,44,10000000,113.5002,628.6834,1314.9491
12,45,10000000,117.6502,626.3359,1305.514
12,46,10000000,116.4495,621.937,1307.9547
12,47,10000000,113.9134,622.9245,1322.9135
12,48,10000000,119.6138,624.2716,1316.8825
12,49,10000000,117.0499,624.9284,1307.4553
12,50,10000000,116.327,625.7452,1307.6307
12,51,10000000,119.8786,630.6226,1306.4399
12,52,10000000,116.2568,621.5571,1309.9633
12,53,10000000,119.806,631.7951,1311.9744
12,54,10000000,115.5301,628.4822,1307.1466
12,55,10000000,114.2753,628.8503,1304.1484
12,56,10000000,116.6397,624.3335,1302.7678
12,57,10000000,118.4846,625.129,1310.4196
12,58,10000000,115.2211,623.8267,1307.9143
12,59,10000000,116.03,629.8291,1317.1333
12,60,10000000,116.9231,624.9379,1313.2463
12,61,10000000,116.2814,628.778,1328.7164
12,62,10000000,118.8129,630.9175,1306.4269
12,63,10000000,115.9746,636.3365,1310.0126
12,64,10000000,113.8969,628.4101,1316.8499
12,65,10000000,117.159,634.3421,1321.1452
12,66,10000000,116.6854,629.7616,1316.3973
12,67,10000000,116.1349,635.1181,1307.2922
12,68,10000000,116.1477,623.6604,1309.5681
12,69,10000000,121.3556,629.4474,1301.3537
12,70,10000000,117.7945,629.1361,1309.8205
12,71,10000000,116.6426,637.4033,1316.457
12,72,10000000,114.7687,625.3355,1309.1796
12,73,10000000,115.1223,632.7803,1319.5782
12,74,10000000,114.2359,623.8107,1308.3023
12,75,10000000,116.7666,627.9874,1322.8263
12,76,10000000,116.6872,629.5016,1313.3135
12,77,10000000,118.9288,631.4695,1311.2225
12,78,10000000,119.7014,625.0542,1312.2987
12,79,10000000,118.8895,644.8503,1351.2395
12,80,10000000,115.8419,639.7929,1315.0384
12,81,10000000,116.139,625.8638,1316.5457
12,82,10000000,117.9036,638.915,1322.0627
12,83,10000000,117.997,623.835,1305.3515
12,84,10000000,120.2138,633.5006,1303.7756
12,85,10000000,114.1253,627.5785,1315.8558
12,86,10000000,121.0675,627.192,1306.2666
12,87,10000000,114.0223,628.0262,1305.4716
12,88,10000000,115.5403,625.3218,1311.7132
12,89,10000000,116.4265,627.665,1308.8853
12,90,10000000,117.9315,625.2923,1312.5519
12,91,10000000,118.9131,626.5208,1309.8559
12,92,10000000,118.0016,627.1758,1313.0301
12,93,10000000,118.8894,629.568,1316.9971
12,94,10000000,117.1602,630.9226,1307.9219
12,95,10000000,117.6164,628.9997,1312.9344
12,96,10000000,117.4909,628.236,1310.8476
12,97,10000000,134.1663,625.1603,1314.146
12,98,10000000,114.6278,625.0878,1310.13
12,99,10000000,115.8663,624.4496,1313.3172
13,0,10000000,114.4708,626.3326,1312.9241
13,1,10000000,115.073,627.8086,1309.6065
13,2,10000000,114.1908,625.7216,1308.4907
13,3,10000000,114.4124,623.0974,1306.9664
13,4,10000000,113.8576,630.6217,1308.1161
13,5,10000000,113.6991,625.9084,1305.2547
13,6,10000000,116.371,624.056,1305.8323
13,7,10000000,115.791,627.0354,1322.6463
13,8,10000000,117.4187,626.4076,1309.0067
13,9,10000000,115.7017,624.1186,1306.0918
13,10,10000000,116.7452,626.369,1308.4141
13,11,10000000,122.6335,624.1741,1309.2908
13,12,10000000,115.4798,630.2975,1314.0885
13,13,10000000,116.8265,622.1856,1341.2164
13,14,10000000,116.4368,628.7938,1312.4564
13,15,10000000,118.1869,630.1826,1310.5135
13,16,10000000,115.9843,627.304,1322.527
13,17,10000000,115.2914,628.6829,1311.4345
13,18,10000000,116.048,627.5742,1318.2941
13,19,10000000,114.8769,633.2692,1300.388
13,20,10000000,118.0528,623.6489,1307.4422
13,21,10000000,118.5903,623.5084,1312.6564
13,22,10000000,118.2486,630.3715,1316.0176
13,23,10000000,114.3046,624.9157,1297.4494
13,24,10000000,115.1205,635.291,1306.0409
13,25,10000000,116.4936,625.3793,1309.9424
13,26,10000000,118.9314,622.9664,1326.1842
13,27,10000000,114.9143,631.5738,1310.3799
13,28,10000000,115.114,625.5965,1309.2033
13,29,10000000,114.1339,626.18,1304.6662
13,30,10000000,116.5006,634.1402,1312.1821
13,31,10000000,116.0383,630.0222,1310.3015
13,32,10000000,116.9362,624.6806,1304.4989
13,33,10000000,118.7164,627.3167,1322.6646
13,34,10000000,118.8712,630.3583,1307.0089
13,35,10000000,112.6897,626.6084,1311.0048
13,36,10000000,114.1555,626.4066,1315.5826
13,37,10000000,116.066,625.4268,1303.9804
13,38,10000000,118.1356,634.4411,1310.3029
13,39,10000000,116.3418,630.5842,1303.7495
13,40,10000000,114.8203,626.5248,1310.8879
13,41,10000000,114.7926,625.6127,1314.6608
13,42,10000000,118.857,627.6705,1321.9635
13,43,10000000,123.6699,631.7964,1314.6326
13,44,10000000,113.8069,623.7072,1313.7176
13,45,10000000,117.2918,623.8795,1303.8921
13,46,10000000,114.8603,630.6208,1309.9952
13,47,10000000,116.5858,621.3543,1316.8894
13,48,10000000,114.1081,623.1643,1311.0728
13,49,10000000,119.4039,623.7004,1319.2929
13,50,10000000,118.0511,633.2314,1307.883
13,51,10000000,117.0383,627.485,1322.9421
13,52,10000000,119.4423,624.9967,1314.0492
13,53,10000000,115.5877,627.1485,1320.6781
13,54,10000000,116.0016,621.8737,1299.1096
13,55,10000000,113.3486,623.7419,1304.1416
13,56,10000000,116.6272,622.5532,1299.8523
13,57,10000000,114.3771,632.7406,1304.0482
13,58,10000000,117.8439,629.9409,1309.4638
13,59,10000000,119.9433,625.9234,1307.6073
13,60,10000000,116.1449,629.5393,1312.3607
13,61,10000000,115.9164,634.4252,1304.1882
13,62,10000000,114.6339,628.1472,1305.9712
13,63,10000000,117.4016,624.2948,1303.5187
13,64,10000000,115.5893,630.6649,1315.7744
13,65,10000000,118.3584,627.5031,1311.1487
13,66,10000000,115.5288,630.6556,1316.5596
13,67,10000000,115.7633,629.9432,1303.8819
13,68,10000000,115.991,627.2459,1295.2316
13,69,10000000,115.8163,628.3852,1306.3579
13,70,10000000,117.3895,629.3486,1296.1981
13,71,10000000,116.6849,623.4348,1312.9201
13,72,10000000,115.4761,623.901,1305.8301
13,73,10000000,116.0635,627.5109,1304.8307
13,74,10000000,118.478,621.2049,1297.3456
13,75,10000000,120.8296,622.4637,1306.7206
13,76,10000000,115.754,623.7966,1308.2522
13,77,10000000,118.7025,622.5943,1311.0303
13,78,10000000,116.9085,628.3527,1305.8205
13,79,10000000,119.9026,623.7351,1309.9263
13,80,10000000,114.7141,625.7175,1299.4045
13,81,10000000,116.3291,623.7193,1309.2052
13,82,10000000,116.78,624.9711,1305.7461
13,83,10000000,116.6652,624.1226,1305.8689
13,84,10000000,116.8798,622.6765,1305.1086
13,85,10000000,118.9508,625.1316,1310.9379
13,86,10000000,120.5539,627.7201,1311.8773
13,87,10000000,118.0151,623.1354,1298.9241
13,88,10000000,119.5248,625.0931,1308.0024
13,89,10000000,119.0057,626.3804,1305.8892
13,90,10000000,118.1598,625.2128,1301.989
13,91,10000000,118.1885,627.1879,1312.1701
13,92,10000000,116.0824,628.9504,1311.2646
13,93,10000000,116.8303,621.4541,1306.0981
13,94,10000000,114.5243,625.646,1309.0497
13,95,10000000,116.9054,630.4651,1309.7756
13,96,10000000,116.888,628.1167,1305.278
13,97,10000000,116.0904,627.2329,1302.7091
13,98,10000000,117.9707,629.088,1305.2687
13,99,10000000,113.9585,623.9075,1300.7153
14,0,10000000,118.073,625.5901,1308.1725
14,1,10000000,115.9021,627.9371,1303.7359
14,2,10000000,118.7986,625.4803,1305.042
14,3,10000000,114.8761,624.4985,1310.2978
14,4,10000000,116.2685,626.5267,1310.1378
14,5,10000000,114.7919,626.8403,1312.9095
14,6,10000000,114.7283,624.854,1305.7984
14,7,10000000,120.1698,624.44,1304.2508
14,8,10000000,118.3636,629.3792,1320.7662
14,9,10000000,114.5104,627.1602,1315.7969
14,10,10000000,115.3162,628.0909,1307.4138
14,11,10000000,114.476,624.0373,1306.8429
14,12,10000000,118.6517,626.9774,1311.2888
14,13,10000000,116.1598,626.2184,1310.3883
14,14,10000000,115.7936,629.9649,1309.6818
14,15,10000000,117.0508,625.9606,1325.6326
14,16,10000000,118.3008,627.3726,1307.983
14,17,10000000,118.2047,627.6516,1308.6161
14,18,10000000,116.104,626.5462,1310.2393
14,19,10000000,117.365,631.2833,1307.9762
14,20,10000000,117.0653,637.812,1309.64
14,21,10000000,117.7386,629.3313,1315.9113
14,22,10000000,117.1545,628.2143,1309.8741
14,23,10000000,118.1068,623.9168,1314.373
14,24,10000000,114.1431,635.7711,1308.6484
14,25,10000000,115.3356,626.5833,1312.7815
14,26,10000000,114.0616,631.6572,1312.3285
14,27,10000000,115.7374,626.3821,1313.451
14,28,10000000,116.5714,626.3225,1315.9483
14,29,10000000,113.3922,625.0983,1303.7345
14,30,10000000,116.2572,633.3666,1325.3941
14,31,10000000,119.0543,654.8617,1323.8246
14,32,10000000,120.2513,632.1492,1320.8856
14,33,10000000,116.7201,630.7851,1309.7762
14,34,10000000,117.2927,625.1437,1304.0974
14,35,10000000,119.3224,623.8532,1310.6483
14,36,10000000,116.6567,643.0658,1317.4795
14,37,10000000,115.9964,631.3798,1310.6787
14,38,10000000,115.075,631.5122,1307.0052
14,39,10000000,121.3048,630.5757,1311.9671
14,40,10000000,116.2606,633.0924,1304.1642
14,41,10000000,115.4806,623.9128,1329.9107
14,42,10000000,140.1038,626.0356,1305.298
14,43,10000000,116.6378,627.5347,1309.92
14,44,10000000,115.877,627.6901,1301.6089
14,45,10000000,114.4612,633.7516,1310.599
14,46,10000000,119.6075,624.4466,1301.0096
14,47,10000000,113.4398,626.7739,1306.2414
14,48,10000000,116.6033,623.7134,1308.2623
14,49,10000000,116.3725,629.3692,1313.6086
14,50,10000000,116.5489,627.5755,1304.7341
14,51,10000000,118.88,635.7271,1318.2723
14,52,10000000,116.3314,625.7413,1302.854
14,53,10000000,114.0465,624.1865,1323.9195
14,54,10000000,116.9722,634.5397,1309.3525
14,55,10000000,116.8947,623.5218,1305.5211
14,56,10000000,117.024,624.7802,1310.4443
14,57,10000000,119.9243,626.8072,1314.6622
14,58,10000000,117.7826,630.338,1328.4785
14,59,10000000,116.9027,621.4924,1304.4318
14,60,10000000,116.7909,625.6384,1312.9785
14,61,10000000,114.8051,627.9777,1318.855
14,62,10000000,113.9924,627.4761,1306.2063
14,63,10000000,116.6591,624.8236,1324.0595
14,64,10000000,117.3065,637.8371,1316.1426
14,65,10000000,117.0816,621.6859,1314.4036
14,66,10000000,114.0881,645.271,1337.8763
14,67,10000000,120.1686,631.4131,1315.3357
14,68,10000000,115.4285,635.1044,1314.2731
14,69,10000000,115.1535,638.9,1341.4985
14,70,10000000,115.2273,652.2762,1306.4965
14,71,10000000,114.128,635.6884,1359.683
14,72,10000000,117.8362,640.6354,1317.6478
14,73,10000000,116.657,624.4919,1308.8885
14,74,10000000,114.9095,624.4205,1319.3464
14,75,10000000,115.4899,628.2936,1321.6782
14,76,10000000,119.2909,630.5104,1317.3546
14,77,10000000,116.2901,624.5489,1324.862
14,78,10000000,115.3714,657.7092,1326.1688
14,79,10000000,125.5382,633.9343,1318.6181
14,80,10000000,118.8668,644.2667,1309.3717
14,81,10000000,113.5024,631.9377,1333.8715
14,82,10000000,114.6078,631.3584,1317.4905
14,83,10000000,112.8966,626.6532,1303.2789
14,84,10000000,118.8701,633.0242,1310.453
14,85,10000000,117.1775,635.956,1330.1542
14,86,10000000,117.4608,629.3039,1309.8987
14,87,10000000,115.1255,651.6532,1325.4894
14,88,10000000,125.1865,625.0421,1309.3437
14,89,10000000,121.3406,627.3611,1314.5195
14,90,10000000,116.3396,625.6325,1311.9597
14,91,10000000,124.1769,623.6227,1308.2088
14,92,10000000,114.5662,640.9758,1314.8786
14,93,10000000,117.999,625.421,1306.4883
14,94,10000000,119.0442,622.0996,1308.4376
14,95,10000000,121.4165,645.9376,1305.5022
14,96,10000000,115.6794,641.3329,1317.3333
14,97,10000000,115.6605,632.7954,1319.411
14,98,10000000,112.8314,631.157,1309.2444
14,99,10000000,116.8941,623.3129,1311.8615
15,0,10000000,117.2711,623.1624,1300.6194
15,1,10000000,118.8126,625.1531,1320.8514
15,2,10000000,114.0499,629.1574,1307.9367
15,3,10000000,115.8943,627.1614,1308.0404
15,4,10000000,116.0036,635.5234,1306.4121
15,5,10000000,117.4524,639.4543,1310.5103
15,6,10000000,113.2057,622.057,1301.3313
15,7,10000000,115.4674,631.5367,1304.8209
15,8,10000000,117.412,628.2981,1308.5106
15,9,10000000,118.3308,623.1573,1307.2256
15,10,10000000,117.3199,628.8277,1302.2012
15,11,10000000,121.9894,636.753,1306.157
15,12,10000000,117.8283,623.5402,1298.9979
15,13,10000000,114.7977,624.8039,1307.852
15,14,10000000,117.9467,627.2121,1309.4485
15,15,10000000,120.3802,628.4368,1317.3508
15,16,10000000,116.6061,627.492,1307.2553
15,17,10000000,115.0769,628.8447,1315.4525
15,18,10000000,117.2439,631.9838,1314.3625
15,19,10000000,116.8257,625.7521,1309.3095
15,20,10000000,116.6793,624.5039,1308.7816
15,21,10000000,116.1213,624.5259,1317.0295
15,22,10000000,117.417,630.0469,1315.2747
15,23,10000000,118.5087,630.4736,1307.5991
15,24,10000000,113.266,624.9959,1309.2983
15,25,10000000,116.6235,626.5083,1311.1264
15,26,10000000,117.6973,627.7035,1318.4194
15,27,10000000,114.1823,625.7212,1306.5714
15,28,10000000,115.7173,624.6796,1305.2683
15,29,10000000,117.731,637.4002,1308.5958
15,30,10000000,115.4591,627.5559,1315.1823
15,31,10000000,119.1701,632.3659,1307.016
15,32,10000000,113.9727,633.8344,1311.349
15,33,10000000,119.9389,631.0004,1321.3092
15,34,10000000,117.2064,624.341,1319.219
15,35,10000000,116.2698,629.4615,1314.728
15,36,10000000,115.8951,627.6156,1320.1198
15,37,10000000,115.3915,625.9376,1317.4995
15,38,10000000,117.2562,633.4918,1327.1147
15,39,10000000,117.0608,624.712,1308.7036
15,40,10000000,115.7201,631.3671,1311.7264
15,41,10000000,117.0052,625.705,1314.4609
15,42,10000000,115.2614,630.1055,1309.9849
15,43,10000000,114.0491,627.4549,1313.2468
15,44,10000000,112.8427,627.8557,1311.4191
15,45,10000000,114.4687,628.9636,1309.5403
15,46,10000000,115.2741,625.0171,1300.6072
15,47,10000000,112.6766,626.8406,1308.5196
15,48,10000000,116.0177,625.3924,1305.8683
15,49,10000000,116.3715,632.917,1308.8323
15,50,10000000,115.0123,635.2104,1299.6143
15,51,10000000,114.2582,624.4261,1320.5631
15,52,10000000,115.8662,631.7976,1320.9674
15,53,10000000,113.8759,627.6682,1304.5279
15,54,10000000,115.7074,632.376,1317.9286
15,55,10000000,116.6646,627.137,1318.029
15,56,10000000,114.9431,626.794,1307.1218
15,57,10000000,118.3426,628.6926,1315.3114
15,58,10000000,117.0552,628.4328,1304.6259
15,59,10000000,119.4327,633.1092,1319.7417
15,60,10000000,115.0726,639.0595,1319.6044
15,61,10000000,115.7297,634.4012,1317.6078
15,62,10000000,115.9021,629.0432,1308.2493
15,63,10000000,117.1387,633.4462,1311.2532
15,64,10000000,115.1973,633.9381,1333.9525
15,65,10000000,118.9846,636.9763,1321.608
15,66,10000000,115.9717,630.5545,1319.3226
15,67,10000000,118.1826,644.6044,1311.3
15,68,10000000,114.9129,634.432,1334.2562
15,69,10000000,119.1625,637.0115,1324.7477
15,70,10000000,119.2995,623.6694,1326.8693
15,71,10000000,116.6069,638.0208,1320.4543
15,72,10000000,115.8912,630.8626,1315.7547
15,73,10000000,119.1402,622.5562,1324.1246
15,74,10000000,116.8107,633.8524,1330.4465
15,75,10000000,117.1034,635.8742,1312.7843
15,76,10000000,120.0869,626.1473,1329.0158
15,77,10000000,115.0954,629.1955,1324.8151
15,78,10000000,114.4062,632.5067,1320.1733
15,79,10000000,115.4671,635.1998,1323.1117
15,80,10000000,114.6024,629.1927,1318.5121
15,81,10000000,112.6425,623.4233,1313.5903
15,82,10000000,116.8668,630.3135,1310.7606
15,83,10000000,115.8216,621.1367,1316.7636
15,84,10000000,114.6374,633.3354,1316.9753
15,85,10000000,116.5739,635.3292,1331.9376
15,86,10000000,114.9302,630.3736,1313.5173
15,87,10000000,119.8728,626.4606,1310.4684
15,88,10000000,132.5023,635.1278,1318.987
15,89,10000000,115.3467,632.6686,1326.6816
15,90,10000000,114.9427,644.0659,1329.5285
15,91,10000000,114.767,633.4539,1311.93
15,92,10000000,119.8064,628.7566,1322.3803
15,93,10000000,115.4804,631.0161,1302.6794
15,94,10000000,122.1325,634.9868,1318.0062
15,95,10000000,120.4023,626.1601,1348.3724
15,96,10000000,116.4241,628.4559,1355.5662
15,97,10000000,114.6791,631.1409,1314.4884
15,98,10000000,118.259,636.4719,1311.0301
15,99,10000000,120.4626,632.3436,1324.3139
16,0,10000000,117.3558,656.2461,1321.338
16,1,10000000,115.5984,642.8779,1339.5263
16,2,10000000,119.2168,639.0564,1316.5118
16,3,10000000,118.4387,627.5015,1315.0664
16,4,10000000,114.0082,623.0821,1305.9791
16,5,10000000,118.6478,625.2685,1303.7739
16,6,10000000,118.8861,624.5127,1315.6713
16,7,10000000,120.2029,624.9673,1306.3224
16,8,10000000,117.6601,635.5507,1320.9854
16,9,10000000,114.8722,624.0713,1308.399
16,10,10000000,120.5873,630.9536,1317.4999
16,11,10000000,116.7463,625.3702,1317.1298
16,12,10000000,116.2349,634.7038,1305.1628
16,13,10000000,121.0582,638.1899,1324.0259
16,14,10000000,118.1688,634.589,1304.9088
16,15,10000000,117.2498,636.9696,1313.1269
16,16,10000000,118.1642,640.409,1328.0874
16,17,10000000,116.9416,630.0974,1316.3253
16,18,10000000,114.9356,625.8541,1310.6129
16,19,10000000,116.0634,628.3402,1303.0727
16,20,10000000,113.7037,627.3188,1320.1113
16,21,10000000,116.7478,638.8523,1306.3691
16,22,10000000,113.8959,632.4172,1317.7243
16,23,10000000,116.7449,634.7802,1309.1338
16,24,10000000,114.8557,651.7083,1314.0107
16,25,10000000,121.0989,638.3394,1325.4458
16,26,10000000,117.9011,622.7106,1303.5088
16,27,10000000,114.9898,637.4783,1314.9336
16,28,10000000,116.5847,633.5991,1312.7404
16,29,10000000,116.6083,629.3758,1323.8191
16,30,10000000,120.6985,626.2166,1316.421
16,31,10000000,113.2758,628.653,1331.1002
16,32,10000000,118.0385,629.9206,1340.8713
16,33,10000000,115.7548,627.7224,1314.5874
16,34,10000000,113.923,624.9624,1311.2691
16,35,10000000,115.8179,625.5113,1322.3979
16,36,10000000,116.3379,624.8441,1315.7231
16,37,10000000,113.7868,628.7466,1311.8829
16,38,10000000,113.2384,627.4409,1320.9926
16,39,10000000,116.0461,628.9782,1313.7702
16,40,10000000,115.6718,626.8035,1313.1883
16,41,10000000,114.1481,631.819,1318.4895
16,42,10000000,115.4053,626.1556,1318.0082
16,43,10000000,113.1643,641.6855,1312.3064
16,44,10000000,117.7932,628.0707,1306.7413
16,45,10000000,115.7942,625.1386,1312.9862
16,46,10000000,118.5603,630.0008,1312.952
16,47,10000000,118.5244,628.4843,1308.9456
16,48,10000000,118.3156,621.3921,1305.8314
16,49,10000000,119.276,632.0173,1310.5105
16,50,10000000,118.7474,630.3976,1313.4445
16,51,10000000,115.9925,622.9025,1310.5375
16,52,10000000,115.0382,629.6545,1301.5462
16,53,10000000,115.0554,627.7673,1304.93
16,54,10000000,119.2511,630.4046,1303.9619
16,55,10000000,116.6139,626.8645,1309.6627
16,56,10000000,113.1103,629.6156,1311.9985
16,57,10000000,113.3747,627.8015,1309.635
16,58,10000000,114.8163,625.5132,1306.7859
16,59,10000000,113.6873,629.4433,1308.0276
16,60,10000000,115.0453,625.5212,1310.5514
16,61,10000000,115.7064,630.0328,1312.9382
16,62,10000000,116.9276,624.3482,1311.6439
16,63,10000000,117.5247,624.2043,1316.3535
16,64,10000000,118.5226,624.7687,1310.8021
16,65,10000000,114.7542,625.9586,1308.355
16,66,10000000,115.0239,625.7947,1317.1783
16,67,10000000,114.0585,623.1525,1318.3149
16,68,10000000,118.6551,631.7365,1308.6743
16,69,10000000,113.8663,628.5452,1310.8904
16,70,10000000,114.0699,628.4708,1316.052
16,71,10000000,119.1671,641.0818,1311.8498
16,72,10000000,115.9081,639.9511,1312.3534
16,73,10000000,114.9522,635.8989,1311.8344
16,74,10000000,118.2213,628.6359,1324.4371
16,75,10000000,118.3333,631.3106,1313.7518
16,76,10000000,117.7257,632.2726,1318.9736
16,77,10000000,116.1165,619.4694,1307.6427
16,78,10000000,117.8899,628.5889,1305.9133
16,79,10000000,117.623,625.0234,1312.3769
16,80,10000000,114.5577,629.0077,1315.7876
16,81,10000000,116.6933,630.6471,1310.4476
16,82,10000000,119.7154,626.3234,1314.3379
16,83,10000000,119.7827,627.7469,1311.4447
16,84,10000000,118.0717,634.1864,1312.9108
16,85,10000000,117.5844,625.5521,1309.615
16,86,10000000,118.2602,630.4595,1306.766
16,87,10000000,119.6613,623.2549,1302.271
16,88,10000000,115.5811,631.6044,1308.8253
16,89,10000000,115.9876,625.0889,1304.7668
16,90,10000000,116.3698,623.9323,1310.1139
16,91,10000000,117.835,626.6126,1317.2233
16,92,10000000,116.5658,632.3649,1302.5462
16,93,10000000,117.1301,624.9206,1311.113
16,94,10000000,114.6751,628.2421,1305.0146
16,95,10000000,115.5469,622.2246,1305.0002
16,96,10000000,119.305,628.771,1311.7115
16,97,10000000,119.5477,621.9678,1306.8623
16,98,10000000,117.3274,635.8971,1309.8799
16,99,10000000,116.4396,627.3664,1307.77
17,0,10000000,116.8408,628.848,1305.6846
17,1,10000000,116.662,624.675,1308.3759
17,2,10000000,113.8521,623.8743,1305.6559
17,3,10000000,116.1013,622.3067,1296.8622
17,4,10000000,115.8602,626.2622,1304.9156
17,5,10000000,115.2315,626.184,1300.0152
17,6,10000000,117.7421,623.8461,1306.0699
17,7,10000000,114.1517,628.8953,1303.7864
17,8,10000000,116.1015,626.6492,1307.6299
17,9,10000000,116.5303,623.3685,1303.4611
17,10,10000000,115.3104,622.3298,1299.7038
17,11,10000000,115.6606,628.653,1303.5387
17,12,10000000,118.4806,633.23,1307.2136
17,13,10000000,118.9235,623.1516,1298.7641
17,14,10000000,117.1635,624.6261,1309.4831
17,15,10000000,117.5618,626.6954,1303.8736
17,16,10000000,114.81,631.8634,1307.4418
17,17,10000000,114.8603,622.2281,1304.0102
17,18,10000000,115.3127,623.9133,1311.7686
17,19,10000000,115.7347,627.2912,1312.7995
17,20,10000000,117.2373,623.0592,1304.1615
17,21,10000000,117.6744,623.9565,1300.1031
17,22,10000000,116.5366,622.976,1308.4628
17,23,10000000,115.4141,624.5801,1313.8222
17,24,10000000,115.7255,622.8286,1302.6085
17,25,10000000,112.9161,624.9114,1311.1362
17,26,10000000,118.6882,629.913,1305.0514
17,27,10000000,117.0933,626.2213,1301.4882
17,28,10000000,120.0922,627.9365,1313.0131
17,29,10000000,117.5076,622.6816,1309.7852
17,30,10000000,115.9551,633.1896,1303.1943
17,31,10000000,118.2968,623.647,1309.7476
17,32,10000000,120.7061,625.474,1311.5611
17,33,10000000,120.2008,629.7096,1304.9543
17,34,10000000,133.8798,626.1742,1294.8551
17,35,10000000,115.434,625.1479,1296.847
17,36,10000000,116.6241,625.5637,1302.3715
17,37,10000000,113.9557,624.7133,1312.5661
17,38,10000000,115.8986,623.8731,1314.5762
17,39,10000000,120.0222,622.9409,1300.7115
17,40,10000000,116.7885,620.8003,1305.7699
17,41,10000000,119.7696,624.6075,1300.666
17,42,10000000,118.469,623.6269,1303.1404
17,43,10000000,118.1365,624.6242,1303.817
17,44,10000000,115.9963,624.4855,1308.9463
17,45,10000000,115.4227,627.9016,1294.3164
17,46,10000000,119.063,621.6987,1297.1363
17,47,10000000,115.018,622.9236,1306.7023
17,48,10000000,115.287,631.9312,1309.1113
17,49,10000000,116.7134,626.0154,1309.2295
17,50,10000000,120.7264,630.1784,1311.2827
17,51,10000000,115.3375,631.3511,1308.3077
17,52,10000000,119.2547,623.2536,1311.1505
17,53,10000000,116.2217,624.3023,1308.3164
17,54,10000000,114.708,625.2661,1304.9857
17,55,10000000,114.4718,627.5618,1308.4079
17,56,10000000,114.7306,626.7872,1309.8961
17,57,10000000,114.1693,629.5159,1304.5419
17,58,10000000,116.4628,622.5197,1311.3696
17,59,10000000,116.2675,627.1494,1308.1953
17,60,10000000,116.7141,626.1283,1304.0923
17,61,10000000,117.9914,634.3609,1309.207
17,62,10000000,118.4233,625.2747,1305.4944
17,63,10000000,117.6534,625.024,1314.6333
17,64,10000000,121.2572,638.9816,1309.605
17,65,10000000,122.2532,625.8487,1314.2468
17,66,10000000,113.2664,623.6041,1306.2415
17,67,10000000,113.735,628.8664,1310.1122
17,68,10000000,115.8589,621.8252,1311.4749
17,69,10000000,112.7921,628.0166,1307.5683
17,70,10000000,116.8144,626.2628,1312.773
17,71,10000000,118.0954,623.8866,1315.2258
17,72,10000000,114.3707,627.1655,1312.3453
17,73,10000000,118.0478,627.8851,1304.3201
17,74,10000000,117.2713,630.8194,1317.5532
17,75,10000000,116.0252,628.6786,1310.9136
17,76,10000000,114.0616,627.5472,1305.7216
17,77,10000000,121.1476,626.8289,1325.2525
17,78,10000000,117.917,631.4087,1314.1171
17,79,10000000,117.9871,625.9239,1298.7743
17,80,10000000,116.5328,623.9113,1305.9314
17,81,10000000,117.602,632.4621,1311.5739
17,82,10000000,120.6301,630.7112,1304.521
17,83,10000000,118.5721,622.7343,1310.2707
17,84,10000000,115.7667,627.266,1311.1323
17,85,10000000,115.9957,625.1424,1311.6779
17,86,10000000,114.3336,626.4768,1314.5761
17,87,10000000,115.4162,626.5062,1302.7073
18,0,10000000,115.5812,629.46,1324.8431
18,1,10000000,123.2797,647.0671,1307.2638
18,2,10000000,114.0446,628.3503,1312.1206
18,3,10000000,118.7849,629.8488,1406.4119
18,4,10000000,116.532,635.5132,1338.1421
18,5,10000000,118.547,630.3359,1313.8103
18,6,10000000,127.5172,653.0138,1313.572
18,7,10000000,115.9608,672.3804,1323.2991
18,8,10000000,115.2004,628.8011,1323.0275
18,9,10000000,116.2715,627.4187,1328.0473
18,10,10000000,116.527,632.2342,1316.3349
18,11,10000000,119.2836,630.3622,1314.0318
18,12,10000000,118.9666,642.9898,1328.2793
18,13,10000000,113.8474,625.1454,1324.8786
18,14,10000000,116.0927,631.899,1318.5985
18,15,10000000,115.6099,634.8175,1312.9889
18,16,10000000,120.1242,624.681,1329.2547
18,17,10000000,116.8065,630.0505,1309.5633
18,18,10000000,115.3377,646.1507,1319.5331
18,19,10000000,116.3012,634.2369,1311.2572
18,20,10000000,113.8859,632.9512,1306.5525
18,21,10000000,113.4442,627.0849,1324.6953
18,22,10000000,111.4427,624.7872,1306.3018
18,23,10000000,115.5263,635.4047,1323.2305
18,24,10000000,124.4792,637.7064,1314.1831
18,25,10000000,118.9781,622.9095,1309.9588
18,26,10000000,118.3462,632.1508,1322.3039
18,27,10000000,117.1489,624.5577,1328.7784
18,28,10000000,118.1683,624.7497,1302.0862
18,29,10000000,116.4233,629.3516,1307.2418
18,30,10000000,114.8125,623.2362,1302.8174
18,31,10000000,115.8912,619.511,1323.4549
18,32,10000000,123.2168,648.3375,1335.1221
18,33,10000000,118.4466,626.8432,1317.0871
18,34,10000000,117.3201,628.8896,1312.5388
18,35,10000000,116.3328,643.5269,1310.2159
18,36,10000000,116.9647,627.4241,1302.8119
18,37,10000000,117.9127,628.806,1319.5027
18,38,10000000,115.3198,627.4186,1309.3254
18,39,10000000,115.9724,635.3312,1313.9761
18,40,10000000,118.6269,642.1719,1304.9348
18,41,10000000,119.9014,624.7183,1306.0944
18,42,10000000,114.5607,625.7748,1294.5795
18,43,10000000,113.1098,623.9966,1304.438
18,44,10000000,117.8002,624.2796,1312.5704
18,45,10000000,116.795,632.1798,1305.4893
18,46,10000000,117.1172,638.3038,1307.741
18,47,10000000,114.8334,631.7348,1304.4748
18,48,10000000,114.6155,633.455,1315.9482
18,49,10000000,115.5121,623.9885,1303.7976
18,50,10000000,113.6257,625.0354,1301.3608
18,51,10000000,115.8625,629.3392,1308.7714
18,52,10000000,120.1046,624.3144,1302.0697
18,53,10000000,116.7102,623.1954,1314.7856
18,54,10000000,115.4022,625.9634,1304.2747
18,55,10000000,117.2145,624.2046,1302.5269
18,56,10000000,117.3043,628.454,1299.8528
18,57,10000000,114.768,628.3753,1302.1624
18,58,10000000,116.1985,624.3813,1308.0514
18,59,10000000,118.657,622.6814,1308.9577
18,60,10000000,114.4482,632.7219,1309.867
18,61,10000000,119.5464,625.6586,1304.1519
18,62,10000000,116.4942,622.5775,1298.1245
18,63,10000000,122.3285,625.7551,1303.757
18,64,10000000,117.3506,626.7317,1312.7049
18,65,10000000,114.5701,629.377,1302.8148
18,66,10000000,113.5006,634.7327,1309.1222
18,67,10000000,118.4482,625.3739,1305.7521
18,68,10000000,115.9282,629.6447,1302.7517
18,69,10000000,114.1178,625.1023,1303.3585
18,70,10000000,117.5903,631.429,1305.4363
18,71,10000000,118.7116,628.5477,1313.8565
18,72,10000000,116.4476,624.9507,1301.9119
18,73,10000000,116.9495,626.2254,1300.9332
18,74,10000000,117.4746,633.6213,1311.2604
19,0,10000000,116.6139,625.518,1329.0859
19,1,10000000,116.359,632.5745,1309.502
19,2,10000000,116.9299,663.2934,1310.484
19,3,10000000,116.3581,657.6057,1314.2903
19,4,10000000,114.5069,630.735,1312.1872
19,5,10000000,118.0279,628.0767,1304.4439
19,6,10000000,117.7704,624.5716,1316.1215
19,7,10000000,114.7647,627.904,1312.1721
19,8,10000000,117.827,635.1605,1312.6208
19,9,10000000,117.513,629.4819,1312.2938
19,10,10000000,115.9938,631.0606,1316.4902
19,11,10000000,112.0635,629.7965,1322.0211
19,12,10000000,115.3497,629.6466,1314.7935
19,13,10000000,115.9572,636.1325,1315.7025
19,14,10000000,114.7008,632.4228,1315.1402
19,15,10000000,114.3622,633.8167,1309.1662
19,16,10000000,115.3355,632.7579,1318.4665
19,17,10000000,133.1981,627.0783,1308.6771
19,18,10000000,115.8914,625.6766,1315.1173
19,19,10000000,115.3466,624.3278,1305.3763
19,20,10000000,113.7011,626.7671,1304.0894
19,21,10000000,111.8773,625.2414,1309.024
19,22,10000000,112.5485,625.5046,1310.2466
19,23,10000000,116.7953,625.1383,1306.7786
19,24,10000000,117.9776,624.4543,1311.154
19,25,10000000,119.4191,626.4507,1311.6825
19,26,10000000,114.3756,627.2229,1315.0037
19,27,10000000,118.3917,629.8646,1312.4611
19,28,10000000,118.573,628.5154,1319.892
19,29,10000000,112.8637,631.1917,1309.2047
19,30,10000000,114.6571,627.7849,1311.4396
19,31,10000000,116.431,631.1958,1319.1858
19,32,10000000,117.8249,636.0446,1308.685
19,33,10000000,114.8844,626.7721,1307.5577
19,34,10000000,113.7602,627.6027,1314.3717
19,35,10000000,115.2993,623.0605,1302.7076
19,36,10000000,117.2663,625.3745,1316.284
19,37,10000000,116.2879,629.8382,1317.8213
19,38,10000000,115.146,624.2419,1315.0582
19,39,10000000,116.1129,630.2647,1321.6422
19,40,10000000,114.1316,628.8584,1323.2352
19,41,10000000,116.2166,639.693,1321.6603
19,42,10000000,116.3412,632.092,1339.2613
19,43,10000000,114.5464,637.2496,1314.4514
19,44,10000000,116.0681,656.1661,1343.2244
19,45,10000000,114.4285,635.2655,1310.1884
19,46,10000000,117.1553,636.5238,1323.1749
19,47,10000000,115.0666,625.2549,1324.321
19,48,10000000,116.974,629.2268,1322.6164
19,49,10000000,118.4988,637.4319,1327.7181
19,50,10000000,116.4556,628.7233,1316.2788
19,51,10000000,114.2651,635.6098,1307.8845
19,52,10000000,117.5452,629.3734,1325.3161
19,53,10000000,113.7491,628.9489,1325.1942
19,54,10000000,118.6975,646.0352,1326.0657
19,55,10000000,114.7567,626.8473,1332.2405
19,56,10000000,116.6379,635.1141,1329.6837
19,57,10000000,117.6733,646.5014,1308.3879
19,58,10000000,118.8824,629.6499,1326.0868
19,59,10000000,116.3987,639.3447,1327.0391
19,60,10000000,118.6622,648.4955,1326.985
19,61,10000000,115.7908,634.5346,1318.0264
19,62,10000000,119.3904,643.4419,1326.9815
20,0,10000000,118.0831,620.6408,1313.2921
20,1,10000000,117.4635,631.7755,1330.898
20,2,10000000,112.3937,624.3493,1302.2795
20,3,10000000,115.6534,636.7037,1320.801
20,4,10000000,115.0238,631.9934,1315.9902
20,5,10000000,117.9681,630.5584,1317.6846
20,6,10000000,115.1018,634.0872,1305.2358
20,7,10000000,117.9527,632.7175,1314.4934
20,8,10000000,115.1628,634.8728,1322.9866
20,9,10000000,118.2857,622.8041,1320.5304
20,10,10000000,115.8505,631.5407,1321.4588
20,11,10000000,115.6846,630.3864,1310.8077
20,12,10000000,114.1256,625.8469,1302.8686
20,13,10000000,116.7553,624.4732,1303.2533
20,14,10000000,118.7475,620.7744,1304.7453
20,15,10000000,114.9432,626.0409,1299.3227
20,16,10000000,117.0514,627.8742,1309.3248
20,17,10000000,118.1582,619.6662,1305.1023
20,18,10000000,116.6692,624.5603,1300.9907
20,19,10000000,115.6521,622.6426,1303.1479
20,20,10000000,117.5797,625.8598,1303.9696
20,21,10000000,115.6444,623.5725,1303.2747
20,22,10000000,116.4923,630.2964,1303.5362
20,23,10000000,115.3573,631.733,1297.5666
20,24,10000000,115.8668,627.5131,1305.3486
20,25,10000000,115.2682,625.8752,1310.1739
20,26,10000000,113.9327,623.8015,1314.9056
20,27,10000000,117.9301,640.7805,1315.9581
20,28,10000000,115.6687,627.8701,1306.5741
20,29,10000000,115.3163,625.7248,1305.9494
20,30,10000000,117.7011,624.0526,1304.9339
20,31,10000000,113.5317,642.0602,1315.7441
20,32,10000000,120.3215,626.5736,1302.7908
20,33,10000000,115.2688,653.0177,1309.9771
20,34,10000000,117.9874,671.7852,1313.2621
20,35,10000000,113.7891,628.2558,1322.295
20,36,10000000,119.0222,636.9382,1315.1614
20,37,10000000,115.6831,650.5571,1310.942
20,38,10000000,117.2683,626.0449,1326.5455
20,39,10000000,118.4792,632.9696,1315.0427
20,40,10000000,113.9908,634.904,1330.965
20,41,10000000,121.7055,634.1535,1300.097
20,42,10000000,127.4385,624.0001,1310.9083
20,43,10000000,117.3444,627.2898,1312.3571
20,44,10000000,118.3428,626.5484,1313.7643
20,45,10000000,116.6975,622.3604,1307.1629
20,46,10000000,119.2885,624.6597,1304.5031
20,47,10000000,117.0549,623.8103,1307.3451
20,48,10000000,115.375,623.1594,1309.3589
20,49,10000000,118.3669,630.2122,1305.4918
21,0,10000000,116.6086,628.4087,1306.0732
21,1,10000000,119.8031,622.5575,1310.8366
21,2,10000000,116.3026,625.1233,1303.058
21,3,10000000,116.1926,626.189,1310.2606
21,4,10000000,117.587,627.8098,1306.5555
21,5,10000000,120.6192,628.7675,1308.7687
21,6,10000000,119.4046,627.0047,1311.0579
21,7,10000000,115.5048,629.6713,1305.5663
21,8,10000000,113.7293,627.535,1306.6584
21,9,10000000,115.5972,626.0472,1304.6274
21,10,10000000,119.869,625.1347,1303.3741
21,11,10000000,112.8028,626.4038,1307.8782
21,12,10000000,119.0575,627.4991,1305.1813
21,13,10000000,118.3376,627.7762,1307.0329
21,14,10000000,115.1679,623.79,1307.249
21,15,10000000,113.7427,627.8355,1308.4917
21,16,10000000,116.565,631.0752,1315.9575
21,17,10000000,114.4156,626.9404,1311.7719
21,18,10000000,119.5164,625.8275,1313.0263
21,19,10000000,117.5599,625.4037,1309.6946
21,20,10000000,115.5772,627.366,1309.716
21,21,10000000,115.1709,630.0571,1310.7261
21,22,10000000,117.8708,622.166,1320.2894
21,23,10000000,115.5077,629.0185,1311.7746
21,24,10000000,115.955,629.5636,1308.4163
21,25,10000000,114.5045,623.1376,1312.7059
21,26,10000000,117.2188,631.5025,1306.8549
21,27,10000000,114.6406,626.2185,1310.9898
21,28,10000000,113.54,625.7302,1309.4529
21,29,10000000,116.9126,627.5369,1309.0578
21,30,10000000,113.1026,627.5946,1307.9641
21,31,10000000,119.0231,625.1714,1305.5689
21,32,10000000,119.189,626.8362,1308.8227
21,33,10000000,117.5729,627.5884,1311.8151
21,34,10000000,113.4282,624.582,1303.5955
21,35,10000000,117.5385,625.961,1311.7427
21,36,10000000,118.365,633.9633,1314.929
21,37,10000000,116.145,628.1006,1310.1189
22,0,10000000,116.0185,626.7105,1307.3404
22,1,10000000,114.1322,622.9105,1316.9549
22,2,10000000,114.7886,621.3297,1307.5121
22,3,10000000,116.5799,643.5227,1305.2302
22,4,10000000,115.8929,639.1597,1314.898
22,5,10000000,113.7042,626.8105,1297.7669
22,6,10000000,116.0387,631.8939,1305.2843
22,7,10000000,117.8876,623.4089,1315.1297
22,8,10000000,115.1193,634.1153,1313.5817
22,9,10000000,115.5853,621.4214,1329.3611
22,10,10000000,116.8834,630.6273,1314.3671
22,11,10000000,136.7819,626.0784,1308.0347
22,12,10000000,118.1457,623.9809,1305.427
22,13,10000000,117.6563,626.0554,1304.1569
22,14,10000000,115.0825,633.062,1313.7053
22,15,10000000,118.4009,628.4198,1315.7921
22,16,10000000,114.1285,629.1597,1318.5656
22,17,10000000,114.3854,633.6874,1321.1001
22,18,10000000,115.5792,642.8007,1315.2653
22,19,10000000,118.9423,627.835,1321.891
22,20,10000000,119.7039,632.8087,1311.114
22,21,10000000,116.6784,628.8841,1317.2694
22,22,10000000,116.3269,637.3643,1309.26
22,23,10000000,117.179,636.6046,1306.6347
22,24,10000000,112.7395,627.9695,1309.6466
23,0,10000000,114.9992,621.9833,1309.7817
23,1,10000000,113.2797,624.3356,1317.2241
23,2,10000000,124.6998,624.4767,1306.7022
23,3,10000000,115.6212,629.3265,1301.8685
23,4,10000000,114.5723,622.1431,1317.088
23,5,10000000,117.6307,621.542,1301.0871
23,6,10000000,116.2123,629.9539,1305.2716
23,7,10000000,116.1329,625.0178,1346.3326
23,8,10000000,115.1432,624.1002,1326.922
23,9,10000000,117.3184,622.9709,1322.8
23,10,10000000,117.0899,627.2359,1319.8647
23,11,10000000,114.2648,627.9295,1328.0826
23,12,10000000,116.9362,628.9647,1324.5182
