bits,i,size,S,X,Stime,Xtime
3,0,10000000,1388889444452,2430556111116,1422.7629,1354.4385
3,1,10000000,1388889444452,1388891111116,1434.7763,1343.0381
3,2,10000000,1388889444452,1041666666684,1455.1377,1347.3064
3,3,10000000,1388889444452,2777778888892,1442.9048,1348.3799
3,4,10000000,1388889444452,1041668333340,1427.0676,1342.3545
3,5,10000000,1388889444452,1736112222228,1415.3722,1353.4955
3,6,10000000,1388889444452,694443888892,1437.4763,1340.4724
3,7,10000000,1388889444452,694445555564,1451.4535,1349.6112
3,8,10000000,1388889444452,347222777788,1446.3029,1344.079
3,9,10000000,1388889444452,347222777788,1441.3229,1347.0844
3,10,10000000,1388889444452,1388886111116,1437.6397,1338.9812
3,11,10000000,1388889444452,1041666666676,1430.2741,1336.2253
3,12,10000000,1388889444452,2777778888892,1422.4247,1341.2801
3,13,10000000,1388889444452,2777777222228,1429.1399,1346.6801
3,14,10000000,1388889444452,1041666666676,1465.9929,1344.6491
3,15,10000000,1388889444452,694445555564,1421.5507,1340.8972
3,16,10000000,1388889444452,1041665000012,1433.5034,1347.5732
3,17,10000000,1388889444452,1388891111116,1416.7261,1349.0435
3,18,10000000,1388889444452,347221111116,1446.2974,1344.18
3,19,10000000,1388889444452,694440555564,1439.0318,1357.3052
3,20,10000000,1388889444452,694443888892,1440.9371,1337.559
3,21,10000000,1388889444452,2083335000004,1420.9072,1337.8299
3,22,10000000,1388889444452,1388892777788,1422.8414,1336.4108
3,23,10000000,1388889444452,694442222228,1413.2693,1342.9613
3,24,10000000,1388889444452,2083338333340,1435.3874,1339.0238
3,25,10000000,1388889444452,1388891111116,1421.1736,1335.478
3,26,10000000,1388889444452,1041668333340,1411.502,1341.7254
3,27,10000000,1388889444452,1388886111124,1427.0847,1338.7234
3,28,10000000,1388889444452,2083333333340,1424.4589,1338.9538
3,29,10000000,1388889444452,694445555564,1416.3769,1340.3835
3,30,10000000,1388889444452,694445555564,1431.282,1342.9865
3,31,10000000,1388889444452,2777778888892,1418.6487,1353.2282
3,32,10000000,1388889444452,694443888908,1432.5268,1339.6422
3,33,10000000,1388889444452,1041668333340,1409.7582,1338.1331
3,34,10000000,1388889444452,694442222236,1436.563,1338.6425
3,35,10000000,1388889444452,1388889444452,1423.3872,1341.2571
3,36,10000000,1388889444452,2083333333340,1419.569,1336.4373
3,37,10000000,1388889444452,1041668333340,1417.6402,1340.3087
3,38,10000000,1388889444452,1388887777788,1409.9808,1338.6508
3,39,10000000,1388889444452,1388889444452,1422.3185,1337.4538
3,40,10000000,1388889444452,1388887777788,1433.1112,1343.6392
3,41,10000000,1388889444452,1041665000004,1435.4792,1339.2824
3,42,10000000,1388889444452,1041665000004,1415.3411,1341.0024
3,43,10000000,1388889444452,1388892777788,1424.9097,1345.5104
3,44,10000000,1388889444452,694443888892,1441.0472,1338.3575
3,45,10000000,1388889444452,1388887777788,1423.4925,1345.6806
3,46,10000000,1388889444452,1388891111116,1421.8314,1338.3086
3,47,10000000,1388889444452,694445555564,1424.0562,1336.6746
3,48,10000000,1388889444452,1041668333340,1424.2629,1347.202
3,49,10000000,1388889444452,694443888892,1421.9704,1338.5033
3,50,10000000,1388889444452,1736110555564,1411.5216,1339.4504
3,51,10000000,1388889444452,347219444452,1447.9668,1342.27
3,52,10000000,1388889444452,1041668333340,1418.986,1336.6143
3,53,10000000,1388889444452,2083338333340,1417.446,1341.0481
3,54,10000000,1388889444452,694445555564,1435.9678,1336.3223
3,55,10000000,1388889444452,1388891111116,1423.0758,1342.3191
3,56,10000000,1388889444452,694447222228,1444.1275,1356.7091
3,57,10000000,1388889444452,694443888892,1432.7283,1350.7697
3,58,10000000,1388889444452,1388889444452,1428.8983,1343.2189
3,59,10000000,1388889444452,2083335000012,1442.1028,1347.1781
3,60,10000000,1388889444452,1041666666668,1445.7803,1347.6492
3,61,10000000,1388889444452,1736110555564,1429.9054,1351.3622
3,62,10000000,1388889444452,1388891111116,1451.5182,1346.2371
3,63,10000000,1388889444452,347221111116,1444.9949,1342.7868
3,64,10000000,1388889444452,1736113888892,1428.8434,1342.3794
3,65,10000000,1388889444452,2777782222228,1428.8063,1338.3119
3,66,10000000,1388889444452,1041668333340,1428.329,1344.0939
3,67,10000000,1388889444452,1041668333340,1419.8919,1338.5815
3,68,10000000,1388889444452,1388891111116,1429.5974,1349.7749
3,69,10000000,1388889444452,1388886111116,1427.4317,1346.2994
3,70,10000000,1388889444452,1041663333340,1454.8079,1347.1691
3,71,10000000,1388889444452,2430554444452,1457.4317,1361.7472
3,72,10000000,1388889444452,1388887777788,1439.3424,1354.4501
3,73,10000000,1388889444452,1388887777788,1424.3021,1354.6415
3,74,10000000,1388889444452,1041668333340,1428.8648,1352.1561
3,75,10000000,1388889444452,2083333333340,1438.4913,1342.9018
3,76,10000000,1388889444452,2083336666676,1447.863,1347.2535
3,77,10000000,1388889444452,1388889444452,1435.3868,1345.8106
3,78,10000000,1388889444452,1736112222228,1424.9752,1357.4296
3,79,10000000,1388889444452,694445555564,1442.4684,1346.8042
3,80,10000000,1388889444452,1388892777788,1450.0128,1341.6721
3,81,10000000,1388889444452,1041665000004,1428.1974,1351.9064
3,82,10000000,1388889444452,2083333333340,1433.8926,1345.7471
3,83,10000000,1388889444452,1388886111124,1448.9646,1352.0634
3,84,10000000,1388889444452,1041665000004,1424.2043,1340.1583
3,85,10000000,1388889444452,2083335000004,1430.2018,1343.1483
3,86,10000000,1388889444452,694443888892,1443.3811,1340.3791
3,87,10000000,1388889444452,694447222228,1432.0307,1349.9517
3,88,10000000,1388889444452,1041668333340,1415.0366,1340.457
3,89,10000000,1388889444452,1041668333348,1424.3298,1344.0799
3,90,10000000,1388889444452,1388889444452,1432.2337,1338.3655
3,91,10000000,1388889444452,1388891111116,1423.8803,1340.5625
3,92,10000000,1388889444452,1736112222228,1409.8825,1341.5309
3,93,10000000,1388889444452,1388891111116,1432.3187,1341.1807
3,94,10000000,1388889444452,2430556111116,1423.9856,1341.914
3,95,10000000,1388889444452,694445555564,1446.1431,1338.9471
3,96,10000000,1388889444452,694443888900,1429.254,1354.2226
3,97,10000000,1388889444452,694447222228,1452.3525,1348.8724
3,98,10000000,1388889444452,1388891111116,1430.7571,1341.1143
3,99,10000000,1388889444452,2083333333340,1444.9962,1346.3764
4,0,10000000,694444722236,954863055588,1440.2724,1351.4699
4,1,10000000,694444722236,347221944452,1454.9358,1335.753
4,2,10000000,694444722236,1041667500020,1428.7575,1337.3361
4,3,10000000,694444722236,868054444452,1436.4023,1342.577
4,4,10000000,694444722236,781252500012,1432.5694,1338.054
4,5,10000000,694444722236,868056111124,1438.7212,1339.9892
4,6,10000000,694444722236,347222777796,1457.6783,1342.233
4,7,10000000,694444722236,781250000012,1432.1132,1337.6021
4,8,10000000,694444722236,260415000020,1441.2962,1342.573
4,9,10000000,694444722236,434026388900,1469.1149,1336.6328
4,10,10000000,694444722236,694444722236,1426.2652,1337.9142
4,11,10000000,694444722236,520833333348,1425.9139,1341.2605
4,12,10000000,694444722236,434028055572,1454.7549,1338.1164
4,13,10000000,694444722236,694444722244,1433.5212,1339.4232
4,14,10000000,694444722236,781249166684,1432.3329,1341.5718
4,15,10000000,694444722236,607637777788,1448.9793,1336.4729
4,16,10000000,694444722236,434028888908,1437.1802,1336.5495
4,17,10000000,694444722236,954860555572,1422.7061,1342.7842
4,18,10000000,694444722236,347222777788,1431.5743,1336.4315
4,19,10000000,694444722236,347221111124,1437.1337,1336.1296
4,20,10000000,694444722236,434028055572,1414.8953,1340.4007
4,21,10000000,694444722236,781252500012,1436.7848,1352.4963
4,22,10000000,694444722236,434027222228,1449.352,1336.9395
4,23,10000000,694444722236,781245833348,1453.5006,1338.1961
4,24,10000000,694444722236,868054444460,1446.7617,1342.5421
4,25,10000000,694444722236,347223611124,1434.7444,1346.0391
4,26,10000000,694444722236,607640277788,1432.3017,1348.1374
4,27,10000000,694444722236,347223611124,1444.0663,1338.7527
4,28,10000000,694444722236,954863055564,1432.3874,1340.1245
4,29,10000000,694444722236,434031388924,1464.49,1342.1732
4,30,10000000,694444722236,434028888900,1448.2759,1345.6058
4,31,10000000,694444722236,781249166676,1432.138,1351.0711
4,32,10000000,694444722236,954860555572,1446.2974,1339.5702
4,33,10000000,694444722236,694446388900,1440.6247,1343.3988
4,34,10000000,694444722236,954861388900,1454.984,1342.0203
4,35,10000000,694444722236,694446388908,1460.2567,1341.8284
4,36,10000000,694444722236,347223611132,1467.0705,1347.1932
4,37,10000000,694444722236,434026388908,1442.7613,1344.4375
4,38,10000000,694444722236,434028055572,1443.16,1346.8964
4,39,10000000,694444722236,434026388900,1444.5064,1352.1301
4,40,10000000,694444722236,954860555564,1445.4759,1359.9036
4,41,10000000,694444722236,607638611132,1452.7978,1364.0269
4,42,10000000,694444722236,347221944452,1442.3703,1368.6494
4,43,10000000,694444722236,520833333340,1429.3875,1356.2669
4,44,10000000,694444722236,520832500020,1463.2107,1346.3841
4,45,10000000,694444722236,694444722244,1445.7145,1354.0863
4,46,10000000,694444722236,694443055572,1447.3138,1352.3029
4,47,10000000,694444722236,607640277788,1438.4286,1348.82
4,48,10000000,694444722236,694446388900,1440.8237,1353.1904
4,49,10000000,694444722236,781254166692,1469.5711,1344.9317
4,50,10000000,694444722236,781252500012,1448.7122,1357.3024
4,51,10000000,694444722236,1562505000028,1471.0956,1363.1568
4,52,10000000,694444722236,607641944460,1456.3181,1356.1037
4,53,10000000,694444722236,868056944452,1479.1321,1364.5225
4,54,10000000,694444722236,694444722228,1452.7722,1352.9528
4,55,10000000,694444722236,781250833348,1432.8628,1363.8643
4,56,10000000,694444722236,868054444452,1475.9579,1364.9429
4,57,10000000,694444722236,954861388900,1455.0717,1366.7684
4,58,10000000,694444722236,434028888900,1449.6308,1350.7373
4,59,10000000,694444722236,260416666676,1449.5643,1343.328
4,60,10000000,694444722236,781252500012,1445.6277,1351.271
4,61,10000000,694444722236,347222777796,1435.3858,1345.2638
4,62,10000000,694444722236,781249166684,1440.0933,1352.7096
4,63,10000000,694444722236,607639444460,1444.4025,1344.6925
4,64,10000000,694444722236,868053611124,1414.352,1354.9266
4,65,10000000,694444722236,434028888900,1448.4977,1357.1368
4,66,10000000,694444722236,347221944460,1454.4945,1352.2476
4,67,10000000,694444722236,434028888900,1450.3454,1344.0328
4,68,10000000,694444722236,520834166684,1418.5924,1339.2464
4,69,10000000,694444722236,607638611124,1446.2435,1339.2253
4,70,10000000,694444722236,694445555564,1444.6872,1343.5373
4,71,10000000,694444722236,868054444460,1427.1462,1341.2054
4,72,10000000,694444722236,434026388900,1435.8234,1341.1799
4,73,10000000,694444722236,1128472777788,1434.9505,1346.5283
4,74,10000000,694444722236,1215276388900,1452.4929,1342.4524
4,75,10000000,694444722236,520833333348,1438.5459,1342.5741
4,76,10000000,694444722236,434028055564,1432.8199,1339.09
4,77,10000000,694444722236,868054444452,1427.3616,1348.0403
4,78,10000000,694444722236,868054444452,1419.9294,1336.1331
4,79,10000000,694444722236,520833333348,1423.773,1340.7969
4,80,10000000,694444722236,868058611124,1443.9549,1341.3077
4,81,10000000,694444722236,520832500012,1442.921,1343.6631
4,82,10000000,694444722236,1128471944452,1433.8205,1338.6851
4,83,10000000,694444722236,781250000012,1436.8878,1336.1969
4,84,10000000,694444722236,607641944460,1421.333,1337.5339
4,85,10000000,694444722236,260417500012,1435.4917,1339.4943
4,86,10000000,694444722236,347221944452,1432.1439,1346.0799
4,87,10000000,694444722236,781250000020,1442.2111,1337.3889
4,88,10000000,694444722236,607639444452,1426.2901,1339.2408
4,89,10000000,694444722236,520833333340,1437.0391,1337.2442
4,90,10000000,694444722236,781252500012,1423.5204,1340.4633
4,91,10000000,694444722236,607640277788,1439.4195,1341.5841
4,92,10000000,694444722236,868054444452,1436.4667,1336.1376
4,93,10000000,694444722236,868055277788,1424.9332,1344.3003
4,94,10000000,694444722236,607639444460,1425.8476,1347.5965
4,95,10000000,694444722236,868057777788,1433.7676,1335.1009
4,96,10000000,694444722236,694444722236,1430.4975,1338.1667
4,97,10000000,694444722236,520834166684,1418.4492,1339.0392
4,98,10000000,694444722236,694446388908,1442.3149,1335.5292
4,99,10000000,694444722236,954862222236,1424.8956,1340.7631
5,0,10000000,347222361140,347222361132,1454.8894,1340.9743
5,1,10000000,347222361140,325522500036,1431.7261,1336.0149
5,2,10000000,347222361140,238714305596,1459.6312,1341.3311
5,3,10000000,347222361140,282117777804,1425.1541,1341.6797
5,4,10000000,347222361140,347221527812,1451.4846,1336.8021
5,5,10000000,347222361140,282118611132,1482.3761,1341.5686
5,6,10000000,347222361140,282119027804,1445.5265,1343.512
5,7,10000000,347222361140,217013611140,1445.0277,1340.0674
5,8,10000000,347222361140,303818888924,1442.5633,1338.8321
5,9,10000000,347222361140,217014027804,1441.6414,1337.5727
5,10,10000000,347222361140,542534861140,1443.4301,1335.0492
5,11,10000000,347222361140,455729583356,1462.4499,1343.6363
5,12,10000000,347222361140,368924305596,1444.507,1341.5627
5,13,10000000,347222361140,629342638916,1456.3947,1336.2564
5,14,10000000,347222361140,434028888908,1438.7326,1346.2931
5,15,10000000,347222361140,412326527820,1430.0321,1342.5704
5,16,10000000,347222361140,238713888924,1431.2966,1338.9054
5,17,10000000,347222361140,325521250036,1448.3769,1343.5923
5,18,10000000,347222361140,390622500028,1456.1438,1344.3457
5,19,10000000,347222361140,347224027812,1468.7806,1346.427
5,20,10000000,347222361140,303820972252,1445.7962,1341.401
5,21,10000000,347222361140,303819722260,1424.6814,1342.8816
5,22,10000000,347222361140,368923472244,1470.666,1335.9844
5,23,10000000,347222361140,282117361140,1445.3485,1343.1372
5,24,10000000,347222361140,368922638924,1439.5037,1337.5397
5,25,10000000,347222361140,303819722244,1448.3276,1339.961
5,26,10000000,347222361140,368923055580,1444.894,1341.5077
5,27,10000000,347222361140,238716388940,1461.1089,1337.7142
5,28,10000000,347222361140,390625833356,1438.8066,1338.8784
5,29,10000000,347222361140,325522083356,1431.3333,1340.3717
5,30,10000000,347222361140,282118194468,1430.7233,1337.3056
5,31,10000000,347222361140,260417500028,1450.4529,1337.7083
5,32,10000000,347222361140,368924722252,1464.1916,1340.181
5,33,10000000,347222361140,303819305580,1450.9411,1337.9329
5,34,10000000,347222361140,325520416700,1434.1438,1340.1851
5,35,10000000,347222361140,347221527804,1464.4778,1339.3568
5,36,10000000,347222361140,347222361132,1437.0381,1337.6125
5,37,10000000,347222361140,303819305588,1425.8247,1340.8123
5,38,10000000,347222361140,368923888924,1438.7326,1339.8716
5,39,10000000,347222361140,347221527820,1437.9512,1342.6273
5,40,10000000,347222361140,260416250012,1446.8182,1340.7498
5,41,10000000,347222361140,282118194468,1430.9756,1336.6205
5,42,10000000,347222361140,412326111124,1437.7582,1338.8868
5,43,10000000,347222361140,282119027804,1432.5692,1338.3221
5,44,10000000,347222361140,260417916700,1456.9615,1338.7028
5,45,10000000,347222361140,325521666692,1446.4865,1336.6749
5,46,10000000,347222361140,303820138924,1442.8972,1346.5738
5,47,10000000,347222361140,303820138916,1460.1124,1340.3548
5,48,10000000,347222361140,347221527788,1444.7192,1343.8492
5,49,10000000,347222361140,325521250020,1451.2686,1342.402
5,50,10000000,347222361140,325520833356,1445.4633,1338.5231
5,51,10000000,347222361140,455729166692,1454.8565,1344.4871
5,52,10000000,347222361140,455728333348,1443.6695,1340.004
5,53,10000000,347222361140,434030555588,1454.0565,1340.4684
5,54,10000000,347222361140,455730833364,1451.7003,1339.6952
5,55,10000000,347222361140,303819722244,1450.8563,1344.0024
5,56,10000000,347222361140,325522083372,1450.114,1344.6739
5,57,10000000,347222361140,260415833372,1447.68,1341.4743
5,58,10000000,347222361140,477431111148,1436.578,1338.1896
5,59,10000000,347222361140,347222777796,1449.4129,1337.2019
5,60,10000000,347222361140,412324861140,1460.4913,1343.7316
5,61,10000000,347222361140,347220277804,1448.832,1347.031
5,62,10000000,347222361140,238715972244,1468.691,1344.6754
5,63,10000000,347222361140,455729166692,1447.6329,1339.9243
5,64,10000000,347222361140,303819722252,1444.5108,1337.8204
5,65,10000000,347222361140,368921805588,1443.1208,1342.264
5,66,10000000,347222361140,412326527804,1430.914,1339.5748
5,67,10000000,347222361140,455728333364,1438.9272,1339.9805
5,68,10000000,347222361140,282118194476,1433.3468,1338.0856
5,69,10000000,347222361140,585937500036,1432.1889,1343.6426
5,70,10000000,347222361140,325520833356,1435.1327,1340.4191
5,71,10000000,347222361140,325522500028,1443.6141,1341.4199
5,72,10000000,347222361140,368923888924,1454.919,1338.8318
5,73,10000000,347222361140,368925555596,1429.6455,1335.8966
5,74,10000000,347222361140,195312083356,1443.2225,1339.2675
5,75,10000000,347222361140,282117777812,1419.4381,1336.6265
5,76,10000000,347222361140,412326111132,1442.3179,1341.2383
5,77,10000000,347222361140,347222361140,1461.1448,1342.5083
5,78,10000000,347222361140,390625000036,1438.4743,1342.6001
5,79,10000000,347222361140,303818888916,1446.5849,1345.3455
5,80,10000000,347222361140,651040000036,1450.502,1345.243
5,81,10000000,347222361140,368924722252,1439.4721,1344.3139
5,82,10000000,347222361140,434029722268,1448.9767,1342.9059
5,83,10000000,347222361140,455729583356,1426.5766,1355.083
5,84,10000000,347222361140,282118194476,1463.4706,1336.4255
5,85,10000000,347222361140,217013194476,1444.8275,1339.8642
5,86,10000000,347222361140,325520416692,1444.3224,1341.0357
5,87,10000000,347222361140,390625833364,1442.4062,1336.7566
5,88,10000000,347222361140,238715555580,1461.9924,1341.3594
5,89,10000000,347222361140,455729166692,1439.6286,1350.4546
5,90,10000000,347222361140,260417083364,1443.3473,1346.3405
5,91,10000000,347222361140,282116944468,1444.5878,1345.0107
5,92,10000000,347222361140,368921388916,1446.7693,1343.6947
5,93,10000000,347222361140,282118194468,1445.0535,1335.5474
5,94,10000000,347222361140,368923055588,1446.5069,1351.6436
5,95,10000000,347222361140,455728750044,1452.2802,1350.0334
5,96,10000000,347222361140,434026388916,1433.6591,1342.3958
5,97,10000000,347222361140,412325694468,1431.7297,1338.0393
5,98,10000000,347222361140,390625416684,1461.0283,1338.259
5,99,10000000,347222361140,325520416708,1470.465,1344.7438
6,0,10000000,173611180612,211589375052,1433.6377,1348.0584
6,1,10000000,173611180612,211587291724,1442.8915,1350.454
6,2,10000000,173611180612,141058680612,1452.8413,1339.6448
6,3,10000000,173611180612,189885763948,1464.587,1348.0724
6,4,10000000,173611180612,195312291724,1454.4147,1348.2161
6,5,10000000,173611180612,184462152836,1467.9923,1343.7772
6,6,10000000,173611180612,168186944508,1468.717,1344.8227
6,7,10000000,173611180612,179037291716,1452.8545,1341.0125
6,8,10000000,173611180612,179036250084,1464.31,1346.3278
6,9,10000000,173611180612,217014236164,1447.4487,1341.8088
6,10,10000000,173611180612,113932708372,1440.0496,1340.8684
6,11,10000000,173611180612,195312708404,1460.5201,1354.4268
6,12,10000000,173611180612,173611388948,1445.8106,1370.3105
6,13,10000000,173611180612,195311666724,1447.1525,1339.8548
6,14,10000000,173611180612,189887430596,1450.5387,1347.6872
6,15,10000000,173611180612,168184236180,1438.3098,1347.0195
6,16,10000000,173611180612,168185069508,1449.9778,1341.676
6,17,10000000,173611180612,151909861156,1455.8172,1340.0596
6,18,10000000,173611180612,184462777828,1434.6202,1336.6978
6,19,10000000,173611180612,124782013940,1467.4209,1356.1066
6,20,10000000,173611180612,200737361172,1464.4782,1346.9143
6,21,10000000,173611180612,173611597276,1461.9073,1339.9783
6,22,10000000,173611180612,146485833404,1450.8069,1347.3942
6,23,10000000,173611180612,200737777828,1444.9661,1347.713
6,24,10000000,173611180612,227865000052,1461.9785,1341.7247
6,25,10000000,173611180612,173610347276,1457.0724,1343.0921
6,26,10000000,173611180612,157335138932,1447.0979,1340.3241
6,27,10000000,173611180612,141058680628,1457.2061,1340.8131
6,28,10000000,173611180612,179037291732,1461.1577,1349.859
6,29,10000000,173611180612,200739444516,1448.8402,1348.4487
6,30,10000000,173611180612,184462152828,1461.2565,1354.6748
6,31,10000000,173611180612,206162222268,1445.9854,1337.9364
6,32,10000000,173611180612,168185486156,1429.4228,1345.3688
6,33,10000000,173611180612,151908819508,1467.1735,1344.4118
6,34,10000000,173611180612,222439722268,1453.3573,1344.2431
6,35,10000000,173611180612,222440138956,1452.2844,1345.542
6,36,10000000,173611180612,227865625052,1462.9906,1341.8923
6,37,10000000,173611180612,173609722284,1460.2687,1338.0411
6,38,10000000,173611180612,173612013940,1457.7219,1343.1643
6,39,10000000,173611180612,244141041732,1452.2255,1343.5001
6,40,10000000,173611180612,195311666716,1437.0897,1338.1904
6,41,10000000,173611180612,168186319524,1457.9393,1344.7537
6,42,10000000,173611180612,195312500052,1449.5393,1341.6796
6,43,10000000,173611180612,141058680612,1443.5217,1348.7673
6,44,10000000,173611180612,222438263948,1459.3164,1339.4818
6,45,10000000,173611180612,206163888948,1457.234,1347.1754
6,46,10000000,173611180612,162759166732,1441.7905,1347.7188
6,47,10000000,173611180612,238715138956,1454.6243,1338.3984
6,48,10000000,173611180612,157335763948,1447.4989,1343.0236
6,49,10000000,173611180612,168186527852,1446.974,1339.7306
6,50,10000000,173611180612,151909444508,1457.4957,1345.1868
6,51,10000000,173611180612,222439305620,1458.2065,1346.7528
6,52,10000000,173611180612,141058888932,1454.4978,1348.1775
6,53,10000000,173611180612,227864166732,1438.3553,1343.927
6,54,10000000,173611180612,184462152836,1464.8156,1343.3025
6,55,10000000,173611180612,227863958372,1448.9608,1337.7392
6,56,10000000,173611180612,130208750060,1454.9775,1339.8308
6,57,10000000,173611180612,130208125052,1444.6038,1342.7697
6,58,10000000,173611180612,179038333388,1436.6372,1346.0881
6,59,10000000,173611180612,168185486172,1443.5281,1342.9739
6,60,10000000,173611180612,135633402844,1450.5174,1346.2603
6,61,10000000,173611180612,173613263940,1458.33,1334.9801
6,62,10000000,173611180612,162760833388,1455.4373,1343.9784
6,63,10000000,173611180612,195312708404,1433.4977,1337.1428
6,64,10000000,173611180612,173610555620,1444.8726,1338.242
6,65,10000000,173611180612,200738194500,1453.3639,1341.4145
6,66,10000000,173611180612,168186319508,1430.9913,1348.9463
6,67,10000000,173611180612,141059930612,1446.42,1345.7047
6,68,10000000,173611180612,141058263940,1453.8929,1347.6379
6,69,10000000,173611180612,189888472276,1453.5762,1348.4992
6,70,10000000,173611180612,135634236172,1461.5487,1349.1894
6,71,10000000,173611180612,162760000044,1432.0998,1336.8881
6,72,10000000,173611180612,157335347276,1451.8948,1347.8423
6,73,10000000,173611180612,168186319500,1447.7427,1346.838
6,74,10000000,173611180612,179035208420,1442.3647,1343.1102
6,75,10000000,173611180612,227865625060,1471.4488,1344.0231
6,76,10000000,173611180612,244140208372,1445.9504,1337.9989
6,77,10000000,173611180612,195312916732,1461.2776,1348.1326
6,78,10000000,173611180612,162760208404,1450.386,1349.9408
6,79,10000000,173611180612,200736944500,1448.5474,1363.7444
6,80,10000000,173611180612,179036250060,1455.9479,1341.9811
6,81,10000000,173611180612,184461111164,1447.1531,1339.9805
6,82,10000000,173611180612,97656666740,1452.6578,1339.8442
6,83,10000000,173611180612,184460694500,1447.8121,1342.7244
6,84,10000000,173611180612,233290277836,1447.6127,1353.0793
6,85,10000000,173611180612,189887638940,1453.9741,1343.3497
6,86,10000000,173611180612,184462152836,1461.887,1355.6518
6,87,10000000,173611180612,130208125052,1443.5221,1363.1767
6,88,10000000,173611180612,179037916724,1462.1864,1348.3666
6,89,10000000,173611180612,200737986164,1429.3401,1336.3868
6,90,10000000,173611180612,141059722284,1447.3646,1342.6421
6,91,10000000,173611180612,146485208388,1452.0477,1349.4444
6,92,10000000,173611180612,130207291724,1435.8043,1335.4567
6,93,10000000,173611180612,141058680620,1457.9031,1351.8597
6,94,10000000,173611180612,130208333388,1445.8798,1338.7093
6,95,10000000,173611180612,173611805628,1452.4784,1343.7147
6,96,10000000,173611180612,173613472284,1447.2855,1350.8486
6,97,10000000,173611180612,168184027852,1453.6495,1358.438
6,98,10000000,173611180612,162761250060,1447.2393,1354.6033
6,99,10000000,173611180612,179036666732,1455.4463,1351.81
7,0,10000000,86805590392,88161753582,1456.5925,1348.2597
7,1,10000000,86805590392,81380416796,1451.7835,1348.4926
7,2,10000000,86805590392,90874809126,1464.532,1342.3135
7,3,10000000,86805590392,97655729288,1454.6332,1348.4673
7,4,10000000,86805590392,84093472324,1467.952,1349.8174
7,5,10000000,86805590392,103081527900,1468.4139,1342.4573
7,6,10000000,86805590392,96300399442,1458.7908,1342.8277
7,7,10000000,86805590392,74598975806,1462.9233,1353.8375
7,8,10000000,86805590392,77310989702,1454.2108,1350.958
7,9,10000000,86805590392,81379687608,1449.597,1351.1649
7,10,10000000,86805590392,82736684134,1472.486,1337.3372
7,11,10000000,86805590392,78668298728,1443.0351,1351.3416
7,12,10000000,86805590392,82736892478,1459.6115,1342.75
7,13,10000000,86805590392,92230972332,1473.731,1356.5022
7,14,10000000,86805590392,85448906358,1446.5414,1353.1233
7,15,10000000,86805590392,93587239686,1456.4327,1339.2519
7,16,10000000,86805590392,73242187616,1473.0343,1342.1426
7,17,10000000,86805590392,96299774434,1458.8935,1353.2754
7,18,10000000,86805590392,74598767470,1471.4648,1361.2479
7,19,10000000,86805590392,71886649426,1475.0153,1370.5436
7,20,10000000,86805590392,108506388996,1457.0486,1350.5095
7,21,10000000,86805590392,81380729272,1474.9733,1360.4997
7,22,10000000,86805590392,70530069548,1463.0397,1348.8592
7,23,10000000,86805590392,96299982762,1468.2363,1362.9612
7,24,10000000,86805590392,66460538314,1459.5735,1336.3744
7,25,10000000,86805590392,88162482754,1469.5147,1351.2682
7,26,10000000,86805590392,94944548728,1471.2477,1342.1607
7,27,10000000,86805590392,85449635522,1448.1573,1343.6351
7,28,10000000,86805590392,78667569564,1465.1078,1344.9078
7,29,10000000,86805590392,88162586926,1449.0015,1340.7972
7,30,10000000,86805590392,100367951504,1455.0565,1338.8072
7,31,10000000,86805590392,75955243184,1447.546,1337.7711
7,32,10000000,86805590392,101724843850,1442.537,1346.2966
7,33,10000000,86805590392,80024045246,1451.341,1344.8054
7,34,10000000,86805590392,97656875132,1445.78,1344.2495
7,35,10000000,86805590392,84092430660,1453.6243,1354.1537
7,36,10000000,86805590392,107151371650,1455.7954,1348.8118
7,37,10000000,86805590392,82736163306,1444.238,1345.2
7,38,10000000,86805590392,81379895976,1456.0743,1336.1493
7,39,10000000,86805590392,90874704970,1439.4205,1338.712
7,40,10000000,86805590392,88161545254,1464.731,1340.5249
7,41,10000000,86805590392,70528402916,1451.2997,1335.7211
7,42,10000000,86805590392,101725885538,1448.1682,1337.5153
7,43,10000000,86805590392,88161961918,1460.2489,1339.691
7,44,10000000,86805590392,86804861220,1450.4414,1335.661
7,45,10000000,86805590392,75955138980,1443.0074,1341.0536
7,46,10000000,86805590392,89518020928,1446.8158,1334.539
7,47,10000000,86805590392,103081840384,1463.1684,1338.3124
7,48,10000000,86805590392,90874600822,1447.6069,1337.6612
7,49,10000000,86805590392,81380520968,1466.1076,1338.1127
7,50,10000000,86805590392,94943090400,1448.3151,1339.4728
7,51,10000000,86805590392,84093159816,1444.0566,1335.8338
7,52,10000000,86805590392,99012829978,1450.6235,1337.8617
7,53,10000000,86805590392,88162795262,1457.613,1338.9047
7,54,10000000,86805590392,69172448022,1453.6547,1338.0112
7,55,10000000,86805590392,105792500100,1459.9425,1336.392
7,56,10000000,86805590392,74597934158,1456.6228,1335.0669
7,57,10000000,86805590392,90873663306,1438.4177,1336.8835
7,58,10000000,86805590392,94943194588,1453.5084,1336.7303
7,59,10000000,86805590392,105795208436,1458.4951,1339.4794
7,60,10000000,86805590392,84091909832,1447.7033,1337.5748
7,61,10000000,86805590392,86805590392,1441.3553,1337.8734
7,62,10000000,86805590392,74598142494,1448.6379,1338.3558
7,63,10000000,86805590392,71886128630,1447.7247,1337.5499
7,64,10000000,86805590392,116644305676,1455.7282,1336.6537
7,65,10000000,86805590392,61035052210,1445.7437,1338.6487
7,66,10000000,86805590392,97656562640,1454.0989,1342.1194
7,67,10000000,86805590392,94942777916,1442.6207,1336.3722
7,68,10000000,86805590392,77310677202,1446.0646,1338.3744
7,69,10000000,86805590392,80023732746,1442.5818,1337.3495
7,70,10000000,86805590392,80022274426,1453.4687,1335.9531
7,71,10000000,86805590392,103081632064,1449.3724,1336.5918
7,72,10000000,86805590392,105795000108,1438.6975,1336.3162
7,73,10000000,86805590392,96299566082,1460.1366,1337.9838
7,74,10000000,86805590392,92230763996,1460.4503,1338.0349
7,75,10000000,86805590392,92230555668,1449.8949,1336.5667
7,76,10000000,86805590392,82736579978,1452.6424,1337.8807
7,77,10000000,86805590392,94943611236,1449.9945,1337.5883
7,78,10000000,86805590392,84092430676,1466.0248,1337.8871
7,79,10000000,86805590392,80024045246,1452.0542,1340.2529
7,80,10000000,86805590392,80023524418,1438.9774,1339.7736
7,81,10000000,86805590392,75954722340,1449.0395,1336.2524
7,82,10000000,86805590392,94943715384,1455.0211,1347.3905
7,83,10000000,86805590392,77311302194,1450.1703,1338.3951
7,84,10000000,86805590392,80023003590,1464.6239,1340.3967
7,85,10000000,86805590392,85448906366,1453.4566,1340.661
7,86,10000000,86805590392,74598559134,1440.1213,1343.9852
7,87,10000000,86805590392,112576545238,1456.4803,1341.0966
7,88,10000000,86805590392,97655937648,1455.4519,1343.3595
7,89,10000000,86805590392,85449218866,1443.6696,1340.1237
7,90,10000000,86805590392,75954722332,1446.2425,1338.5387
7,91,10000000,86805590392,94943507064,1455.6151,1339.8927
7,92,10000000,86805590392,96299774442,1451.9749,1345.511
7,93,10000000,86805590392,73242500100,1457.9536,1337.9882
7,94,10000000,86805590392,84093472364,1472.2476,1340.1665
7,95,10000000,86805590392,104438107746,1457.7064,1340.1732
7,96,10000000,86805590392,97656562608,1444.8699,1342.0705
7,97,10000000,86805590392,84092951488,1450.8313,1341.9183
7,98,10000000,86805590392,89517708452,1451.9831,1338.6811
7,99,10000000,86805590392,81380312616,1452.4012,1339.0483
8,0,10000000,43402795260,44759375134,1475.9313,1342.14
8,1,10000000,43402795260,40350777006,1465.917,1350.8368
8,2,10000000,43402795260,43063572148,1488.9997,1345.5508
8,3,10000000,43402795260,45098181542,1472.8658,1343.2599
8,4,10000000,43402795260,43741783980,1466.1345,1343.671
8,5,10000000,43402795260,46454136396,1475.7681,1341.0793
8,6,10000000,43402795260,43402665046,1463.0784,1345.6386
8,7,10000000,43402795260,42046814356,1460.7579,1343.2869
8,8,10000000,43402795260,42724583466,1470.451,1341.0791
8,9,10000000,43402795260,43063415928,1454.8362,1354.566
8,10,10000000,43402795260,42386011406,1466.1211,1345.3549
8,11,10000000,43402795260,50523667644,1472.9604,1349.7704
8,12,10000000,43402795260,45098337788,1464.081,1336.431
8,13,10000000,43402795260,45098103410,1458.3478,1345.2804
8,14,10000000,43402795260,40690312626,1464.4707,1339.2829
8,15,10000000,43402795260,35943298734,1475.9429,1339.2135
8,16,10000000,43402795260,47472013996,1454.7535,1347.6803
8,17,10000000,43402795260,47810820436,1466.3174,1344.3902
8,18,10000000,43402795260,50184340408,1458.2517,1348.357
8,19,10000000,43402795260,46454553066,1476.5474,1343.4423
8,20,10000000,43402795260,47132895086,1479.8567,1351.6755
8,21,10000000,43402795260,41368316124,1467.0834,1341.4798
8,22,10000000,43402795260,45776263158,1471.6399,1353.6088
8,23,10000000,43402795260,41707825658,1470.0053,1352.0318
8,24,10000000,43402795260,37638450638,1470.0205,1352.1125
8,25,10000000,43402795260,42046007050,1457.9206,1338.6419
8,26,10000000,43402795260,43741627724,1465.2313,1341.0532
8,27,10000000,43402795260,45776393368,1494.4289,1351.9782
8,28,10000000,43402795260,38655885526,1456.8072,1342.6022
8,29,10000000,43402795260,48827890746,1454.8594,1339.0551
8,30,10000000,43402795260,34925343008,1465.5896,1343.0616
8,31,10000000,43402795260,43741705866,1464.7112,1341.4995
8,32,10000000,43402795260,44420334316,1471.4283,1336.4585
8,33,10000000,43402795260,44759218880,1467.5122,1339.7618
8,34,10000000,43402795260,47471727562,1454.0137,1340.8484
8,35,10000000,43402795260,38316532248,1456.8732,1339.5033
8,36,10000000,43402795260,51201332592,1465.0466,1344.8276
8,37,10000000,43402795260,41368159848,1458.3568,1347.4361
8,38,10000000,43402795260,38655520956,1477.8746,1351.4355
8,39,10000000,43402795260,47810768342,1456.2429,1340.6641
8,40,10000000,43402795260,49166775304,1465.433,1353.8385
8,41,10000000,43402795260,41706888142,1471.9623,1336.9348
8,42,10000000,43402795260,38655651170,1453.9019,1340.5174
8,43,10000000,43402795260,39333732788,1473.7202,1341.3058
8,44,10000000,43402795260,48828177196,1455.1205,1341.7844
8,45,10000000,43402795260,34925941974,1454.9598,1342.0316
8,46,10000000,43402795260,45776549578,1460.5763,1343.0566
8,47,10000000,43402795260,37977803940,1463.2786,1336.1694
8,48,10000000,43402795260,44081137274,1458.0363,1348.9506
8,49,10000000,43402795260,42046241436,1468.7274,1342.4797
8,50,10000000,43402795260,45776757918,1458.1945,1354.6456
8,51,10000000,43402795260,40690208454,1474.1493,1339.3796
8,52,10000000,43402795260,47471597346,1473.49,1341.1257
8,53,10000000,43402795260,42046579990,1461.4709,1351.2347
8,54,10000000,43402795260,44759062626,1458.5682,1339.5691
8,55,10000000,43402795260,40012569556,1454.9863,1339.4851
8,56,10000000,43402795260,49167452360,1468.9595,1340.8081
8,57,10000000,43402795260,38994587792,1450.8412,1336.7289
8,58,10000000,43402795260,44420438488,1454.4546,1351.7728
8,59,10000000,43402795260,50184392484,1463.0285,1338.0269
8,60,10000000,43402795260,47132139870,1457.7778,1347.6241
8,61,10000000,43402795260,45098233644,1458.4435,1340.1434
8,62,10000000,43402795260,47471623408,1472.7301,1338.1808
8,63,10000000,43402795260,42385360346,1467.7386,1339.9079
8,64,10000000,43402795260,40351141608,1463.1069,1343.7322
8,65,10000000,43402795260,43741862096,1455.2292,1335.8212
8,66,10000000,43402795260,43063962814,1470.5006,1342.0403
8,67,10000000,43402795260,39673060024,1467.2377,1342.4676
8,68,10000000,43402795260,44420516604,1455.7689,1346.6981
8,69,10000000,43402795260,44420073906,1466.4131,1336.6073
8,70,10000000,43402795260,49844935024,1465.1027,1343.6121
8,71,10000000,43402795260,45098155492,1471.7583,1341.2354
8,72,10000000,43402795260,42724635550,1454.1202,1345.0044
8,73,10000000,43402795260,44420490554,1457.7376,1345.0455
8,74,10000000,43402795260,41707825626,1463.6186,1350.7799
8,75,10000000,43402795260,36960082572,1457.3965,1343.2551
8,76,10000000,43402795260,47132165930,1462.4002,1347.4666
8,77,10000000,43402795260,43741940212,1477.1308,1342.8339
8,78,10000000,43402795260,39333810894,1467.0006,1350.6509
8,79,10000000,43402795260,47811315250,1470.2085,1338.859
8,80,10000000,43402795260,42046918530,1464.4613,1344.0779
8,81,10000000,43402795260,48828020944,1461.5558,1340.8087
8,82,10000000,43402795260,48828255336,1454.5323,1339.5603
8,83,10000000,43402795260,44758567830,1459.3408,1349.4598
8,84,10000000,43402795260,40011579996,1473.2265,1343.4163
8,85,10000000,43402795260,43402586910,1470.7533,1336.1139
8,86,10000000,43402795260,43741393334,1463.7543,1339.5093
8,87,10000000,43402795260,47811002714,1463.2471,1338.2573
8,88,10000000,43402795260,44420178052,1454.5138,1338.0605
8,89,10000000,43402795260,41707487114,1465.8677,1344.2047
8,90,10000000,43402795260,42046579994,1469.3218,1348.015
8,91,10000000,43402795260,40689817814,1456.9294,1345.7473
8,92,10000000,43402795260,47472222354,1453.7887,1338.4972
8,93,10000000,43402795260,42386011416,1461.0495,1342.5673
8,94,10000000,43402795260,46793671988,1471.2912,1348.0172
8,95,10000000,43402795260,51201410710,1455.9861,1340.1705
8,96,10000000,43402795260,42724921996,1461.6225,1348.8397
8,97,10000000,43402795260,42046840410,1482.1268,1341.5581
8,98,10000000,43402795260,37638632938,1466.405,1337.994
8,99,10000000,43402795260,49845351678,1472.2074,1342.118
9,0,10000000,21701398376,22633864660,1501.8844,1345.1787
9,1,10000000,21701398376,21956264890,1498.2949,1341.9307
9,2,10000000,21701398376,21616638194,1502.5561,1347.5995
9,3,10000000,21701398376,21531552478,1499.0737,1356.7418
9,4,10000000,21701398376,19412417208,1502.3147,1340.3416
9,5,10000000,21701398376,21362136254,1511.2036,1339.0231
9,6,10000000,21701398376,20598995008,1484.3076,1340.5269
9,7,10000000,21701398376,23396862724,1495.0854,1335.6435
9,8,10000000,21701398376,22124991030,1498.4164,1342.667
9,9,10000000,21701398376,23312167654,1487.8872,1337.3121
9,10,10000000,21701398376,19836660942,1491.1406,1340.3109
9,11,10000000,21701398376,23904890130,1482.4631,1345.1526
9,12,10000000,21701398376,22040100660,1489.2901,1340.6604
9,13,10000000,21701398376,22803333092,1492.4756,1340.1148
9,14,10000000,21701398376,22379180516,1491.223,1349.5667
9,15,10000000,21701398376,23057991210,1488.2775,1346.6944
9,16,10000000,21701398376,19666281098,1489.5523,1344.9771
9,17,10000000,21701398376,18734283514,1494.7822,1337.9695
9,18,10000000,21701398376,21277102586,1485.6338,1339.2951
9,19,10000000,21701398376,21701229096,1480.8966,1338.8085
9,20,10000000,21701398376,21616911548,1501.9096,1343.6715
9,21,10000000,21701398376,23227394464,1485.1977,1339.4958
9,22,10000000,21701398376,21361953960,1488.8319,1335.8363
9,23,10000000,21701398376,21616338694,1499.5097,1346.1181
9,24,10000000,21701398376,20260787448,1490.0632,1344.1243
9,25,10000000,21701398376,23396550260,1491.8078,1342.7149
9,26,10000000,21701398376,21616364804,1487.0699,1339.2998
9,27,10000000,21701398376,22718755150,1488.5159,1342.9679
9,28,10000000,21701398376,22210467460,1481.0944,1340.6772
9,29,10000000,21701398376,23397631128,1492.1604,1341.7135
9,30,10000000,21701398376,20853744298,1484.4184,1351.625
9,31,10000000,21701398376,21955561744,1491.2021,1342.699
9,32,10000000,21701398376,21701554500,1483.7622,1348.1016
9,33,10000000,21701398376,22294980222,1485.1224,1353.1187
9,34,10000000,21701398376,22125407778,1487.6652,1358.697
9,35,10000000,21701398376,20684002474,1492.2441,1338.3606
9,36,10000000,21701398376,19752017914,1485.5585,1339.5734
9,37,10000000,21701398376,22294915036,1489.5356,1336.394
9,38,10000000,21701398376,19073741018,1484.9446,1341.2244
9,39,10000000,21701398376,22464643832,1487.13,1342.323
9,40,10000000,21701398376,21956043556,1491.2735,1349.8021
9,41,10000000,21701398376,21447000658,1495.4625,1350.7384
9,42,10000000,21701398376,22210024624,1485.2186,1336.5974
9,43,10000000,21701398376,21955705002,1483.7458,1340.5132
9,44,10000000,21701398376,20090316572,1487.3632,1341.3742
9,45,10000000,21701398376,24922676564,1486.892,1341.8609
9,46,10000000,21701398376,20514000290,1491.1063,1351.5526
9,47,10000000,21701398376,22209751214,1492.8704,1339.894
9,48,10000000,21701398376,21955770114,1490.5816,1349.0385
9,49,10000000,21701398376,19921629512,1491.7068,1343.4506
9,50,10000000,21701398376,22549573342,1485.9078,1336.6395
9,51,10000000,21701398376,19752108972,1498.8655,1340.8547
9,52,10000000,21701398376,22887533462,1487.2151,1340.8123
9,53,10000000,21701398376,20091032644,1501.604,1345.0128
9,54,10000000,21701398376,19751275732,1486.7235,1352.5452
9,55,10000000,21701398376,21023811604,1503.1591,1354.1647
9,56,10000000,21701398376,19328203926,1492.7293,1339.39
9,57,10000000,21701398376,23311568646,1507.9307,1350.8295
9,58,10000000,21701398376,22633396002,1506.9667,1349.1221
9,59,10000000,21701398376,21955822202,1494.654,1344.6945
9,60,10000000,21701398376,21446727134,1493.0281,1349.6295
9,61,10000000,21701398376,21870697350,1492.829,1353.0308
9,62,10000000,21701398376,20514547314,1495.8647,1346.3506
9,63,10000000,21701398376,21700617146,1500.6762,1355.7766
9,64,10000000,21701398376,19413055296,1510.5861,1346.25
9,65,10000000,21701398376,22379414866,1515.0662,1345.5346
9,66,10000000,21701398376,23057548542,1500.7617,1352.9631
9,67,10000000,21701398376,21447391236,1504.3907,1341.6409
9,68,10000000,21701398376,24074801092,1514.2969,1357.6313
9,69,10000000,21701398376,21700851478,1510.4023,1354.5064
9,70,10000000,21701398376,23057665726,1494.6466,1360.7676
9,71,10000000,21701398376,20599034076,1493.0539,1344.8051
9,72,10000000,21701398376,19920822130,1498.7688,1350.8852
9,73,10000000,21701398376,21786301820,1484.9345,1345.6006
9,74,10000000,21701398376,20853288560,1485.471,1339.6975
9,75,10000000,21701398376,21532112316,1499.9094,1340.5334
9,76,10000000,21701398376,21531435292,1482.8213,1339.2705
9,77,10000000,21701398376,19243300452,1478.2912,1340.8857
9,78,10000000,21701398376,21955301292,1485.3028,1340.5645
9,79,10000000,21701398376,22549052442,1484.2879,1335.3012
9,80,10000000,21701398376,21531930082,1483.6711,1341.2193
9,81,10000000,21701398376,22039983446,1482.1733,1336.4558
9,82,10000000,21701398376,21615713676,1480.076,1337.0056
9,83,10000000,21701398376,22803736680,1488.9728,1341.8824
9,84,10000000,21701398376,21955626810,1485.9199,1337.6398
9,85,10000000,21701398376,23651312666,1480.3162,1339.471
9,86,10000000,21701398376,22209712166,1478.7407,1338.3311
9,87,10000000,21701398376,21108077062,1486.4089,1338.7553
9,88,10000000,21701398376,21786288830,1481.0628,1338.0926
9,89,10000000,21701398376,21955405470,1485.5492,1338.3744
9,90,10000000,21701398376,21447456288,1481.6841,1337.6828
9,91,10000000,21701398376,20090928510,1480.2151,1341.268
9,92,10000000,21701398376,20344571180,1483.3007,1340.9134
9,93,10000000,21701398376,21616742360,1487.907,1339.0336
9,94,10000000,21701398376,21616143406,1484.1266,1339.3644
9,95,10000000,21701398376,23736398334,1479.9766,1336.4597
9,96,10000000,21701398376,21277896784,1484.0004,1339.5646
9,97,10000000,21701398376,21786431990,1491.8117,1345.557
9,98,10000000,21701398376,22125056174,1497.8523,1340.5634
9,99,10000000,21701398376,20260305752,1483.0723,1339.9537
10,0,10000000,10850699380,10871947986,1513.6322,1343.9011
10,1,10000000,10850699380,10363158946,1508.9595,1340.5776
10,2,10000000,10850699380,11507558382,1512.2721,1341.4839
10,3,10000000,10850699380,11846579690,1511.5444,1338.4518
10,4,10000000,10850699380,10278229484,1519.4583,1345.2036
10,5,10000000,10850699380,10914445320,1507.9587,1338.5485
10,6,10000000,10850699380,11231944504,1506.742,1340.4988
10,7,10000000,10850699380,10299367454,1513.5933,1347.4157
10,8,10000000,10850699380,10914289028,1515.8984,1343.1939
10,9,10000000,10850699380,11020297874,1505.9276,1338.6291
10,10,10000000,10850699380,10554233948,1512.2188,1338.7423
10,11,10000000,10850699380,10575345908,1517.5327,1336.6981
10,12,10000000,10850699380,11147542394,1519.2019,1335.5133
10,13,10000000,10850699380,10405558594,1511.5698,1352.6802
10,14,10000000,10850699380,10257195676,1522.009,1342.0744
10,15,10000000,10850699380,10087701356,1511.2567,1342.6294
10,16,10000000,10850699380,10363517058,1518.2714,1341.005
10,17,10000000,10850699380,10045640216,1518.0783,1343.2843
10,18,10000000,10850699380,10766193104,1522.1311,1347.9646
10,19,10000000,10850699380,11274695680,1514.4412,1343.8386
10,20,10000000,10850699380,11380379012,1514.6711,1351.2533
10,21,10000000,10850699380,10723585106,1518.7549,1343.505
10,22,10000000,10850699380,11147340526,1523.3535,1338.0589
10,23,10000000,10850699380,10681576116,1523.2566,1339.7178
10,24,10000000,10850699380,11444001280,1520.1588,1343.6607
10,25,10000000,10850699380,11083946168,1513.8903,1340.8785
10,26,10000000,10850699380,10808417004,1512.8482,1342.4816
10,27,10000000,10850699380,10341968924,1509.2928,1338.2627
10,28,10000000,10850699380,10744807734,1512.725,1344.0449
10,29,10000000,10850699380,9896932242,1516.4178,1342.0525
10,30,10000000,10850699380,10002915048,1509.9271,1342.7455
10,31,10000000,10850699380,10681309218,1519.3465,1346.7036
10,32,10000000,10850699380,10426618442,1518.5564,1347.0173
10,33,10000000,10850699380,11359267108,1549.6456,1350.1441
10,34,10000000,10850699380,10511632510,1523.6764,1348.4249
10,35,10000000,10850699380,10681178976,1522.9304,1345.1166
10,36,10000000,10850699380,11041422840,1530.2815,1344.1104
10,37,10000000,10850699380,11359416818,1522.5641,1357.3662
10,38,10000000,10850699380,10278450806,1521.8561,1349.4471
10,39,10000000,10850699380,9918200458,1538.8657,1343.073
10,40,10000000,10850699380,9918330634,1530.9975,1342.1117
10,41,10000000,10850699380,11211008336,1520.3981,1342.6814
10,42,10000000,10850699380,11232237494,1524.1683,1343.6487
10,43,10000000,10850699380,10977989430,1523.6951,1355.4394
10,44,10000000,10850699380,11889285248,1530.0129,1346.2927
10,45,10000000,10850699380,10405656242,1525.247,1345.9129
10,46,10000000,10850699380,11168843084,1531.8146,1359.5215
10,47,10000000,10850699380,10659832686,1539.1738,1379.128
10,48,10000000,10850699380,11189772756,1524.6852,1348.5975
10,49,10000000,10850699380,10681068294,1532.915,1350.8666
10,50,10000000,10850699380,11274656642,1530.718,1351.1542
10,51,10000000,10850699380,10914184896,1524.2101,1353.7605
10,52,10000000,10850699380,10469258938,1540.8819,1352.6893
10,53,10000000,10850699380,10956890480,1518.9949,1346.0313
10,54,10000000,10850699380,9981946356,1533.9015,1353.1851
10,55,10000000,10850699380,11253557662,1532.0225,1346.4434
10,56,10000000,10850699380,11083998276,1531.6855,1340.1497
10,57,10000000,10850699380,10638629588,1520.1085,1348.4894
10,58,10000000,10850699380,10850823100,1515.6112,1353.2912
10,59,10000000,10850699380,10384329494,1523.2722,1346.2635
10,60,10000000,10850699380,10638759810,1511.6726,1349.1617
10,61,10000000,10850699380,10024098602,1518.9917,1349.5229
10,62,10000000,10850699380,10490286248,1519.6464,1352.0235
10,63,10000000,10850699380,10490422956,1517.862,1344.7122
10,64,10000000,10850699380,10426833304,1531.0646,1349.3198
10,65,10000000,10850699380,10426794196,1518.8094,1344.4795
10,66,10000000,10850699380,11041487954,1536.5318,1344.6724
10,67,10000000,10850699380,11422746114,1540.411,1354.4158
10,68,10000000,10850699380,11020102574,1522.301,1343.8657
10,69,10000000,10850699380,10617543760,1517.0771,1349.8157
10,70,10000000,10850699380,12037107794,1521.425,1348.036
10,71,10000000,10850699380,10278502924,1513.7094,1345.5646
10,72,10000000,10850699380,11571395430,1521.0429,1360.8137
10,73,10000000,10850699380,10511645556,1520.5224,1350.1112
10,74,10000000,10850699380,11147294968,1522.915,1358.5451
10,75,10000000,10850699380,10638564576,1511.7805,1340.3337
10,76,10000000,10850699380,11041370758,1511.2877,1340.4482
10,77,10000000,10850699380,10829476756,1521.1819,1352.6689
10,78,10000000,10850699380,10956415232,1514.0336,1339.3315
10,79,10000000,10850699380,10638714232,1522.8039,1340.8541
10,80,10000000,10850699380,11359306188,1515.9318,1340.7585
10,81,10000000,10850699380,11338070500,1518.6397,1338.5025
10,82,10000000,10850699380,10935479092,1509.4702,1343.8446
10,83,10000000,10850699380,10596132314,1510.1647,1345.0864
10,84,10000000,10850699380,11274461322,1514.6075,1341.4645
10,85,10000000,10850699380,10342053550,1509.2102,1349.1203
10,86,10000000,10850699380,10892949266,1528.4204,1355.2471
10,87,10000000,10850699380,11083907154,1517.9871,1347.4152
10,88,10000000,10850699380,11083796454,1512.0045,1338.1824
10,89,10000000,10850699380,11189662032,1515.5371,1339.3549
10,90,10000000,10850699380,10172546188,1505.9759,1342.3518
10,91,10000000,10850699380,11041494490,1515.4317,1345.1541
10,92,10000000,10850699380,10829405182,1512.5352,1336.1506
10,93,10000000,10850699380,10872097770,1508.5688,1342.7892
10,94,10000000,10850699380,9621682980,1517.4476,1346.4176
10,95,10000000,10850699380,12122440912,1518.6824,1339.939
10,96,10000000,10850699380,11104908340,1519.8426,1337.0492
10,97,10000000,10850699380,10723689298,1519.5975,1345.5536
10,98,10000000,10850699380,11189857384,1522.6381,1342.6986
10,99,10000000,10850699380,10405356762,1515.5555,1345.5342
11,0,10000000,5425352272,5309067458,1528.6526,1343.853
11,1,10000000,5425352272,5261197748,1535.1275,1344.879
11,2,10000000,5425352272,5446216960,1541.9781,1340.1795
11,3,10000000,5425352272,5435865992,1537.2471,1343.8633
11,4,10000000,5425352272,5404217488,1527.4751,1353.5435
11,5,10000000,5425352272,5563354730,1539.6971,1341.2239
11,6,10000000,5425352272,5292992620,1528.4168,1347.0354
11,7,10000000,5425352272,5409192874,1530.4282,1339.7223
11,8,10000000,5425352272,5483497866,1535.2236,1343.3786
11,9,10000000,5425352272,5382913692,1524.8142,1347.2118
11,10,10000000,5425352272,5589653214,1540.7403,1348.0844
11,11,10000000,5425352272,5377596596,1534.473,1347.628
11,12,10000000,5425352272,5197360638,1529.8455,1354.7574
11,13,10000000,5425352272,5192219406,1541.3466,1341.6674
11,14,10000000,5425352272,5478369626,1528.3637,1342.2479
11,15,10000000,5425352272,5446275328,1563.1968,1353.8176
11,16,10000000,5425352272,5346029574,1540.1814,1349.9419
11,17,10000000,5425352272,5409583512,1545.7795,1352.2478
11,18,10000000,5425352272,5192297408,1545.1443,1350.9343
11,19,10000000,5425352272,5313866904,1554.3026,1347.8179
11,20,10000000,5425352272,5377798414,1531.8593,1355.4765
11,21,10000000,5425352272,5377658480,1563.2545,1345.5714
11,22,10000000,5425352272,5314172736,1536.2199,1352.7727
11,23,10000000,5425352272,5494450848,1546.3894,1366.7537
11,24,10000000,5425352272,5483602172,1532.1443,1363.9638
11,25,10000000,5425352272,5876093494,1548.0257,1365.3636
11,26,10000000,5425352272,5303792734,1545.1692,1366.4996
11,27,10000000,5425352272,5780396320,1557.7215,1364.2285
11,28,10000000,5425352272,5361772192,1543.4995,1369.7483
11,29,10000000,5425352272,5446207000,1546.3455,1363.701
11,30,10000000,5425352272,5631952060,1568.2496,1378.0902
11,31,10000000,5425352272,5430760612,1545.8161,1388.2374
11,32,10000000,5425352272,5759235574,1547.879,1357.412
11,33,10000000,5425352272,5510362970,1544.6663,1365.5076
11,34,10000000,5425352272,5393879678,1553.0007,1351.0816
11,35,10000000,5425352272,5674458990,1550.1011,1355.4382
11,36,10000000,5425352272,5843813330,1542.8751,1341.9604
11,37,10000000,5425352272,5769778550,1544.3492,1347.4942
11,38,10000000,5425352272,5515273210,1538.7148,1361.2862
11,39,10000000,5425352272,5584306900,1544.1035,1352.7334
11,40,10000000,5425352272,5472655504,1555.2862,1352.4187
11,41,10000000,5425352272,5451872424,1552.2882,1343.5791
11,42,10000000,5425352272,5547221004,1549.2359,1353.3925
11,43,10000000,5425352272,5113017182,1576.0309,1349.2869
11,44,10000000,5425352272,5425208906,1535.0339,1349.9994
11,45,10000000,5425352272,5404002740,1531.3801,1348.0756
11,46,10000000,5425352272,5308917536,1541.8618,1342.4588
11,47,10000000,5425352272,5478392408,1533.7815,1357.5912
11,48,10000000,5425352272,5287662498,1531.45,1344.37
11,49,10000000,5425352272,5425466228,1531.2507,1349.1283
11,50,10000000,5425352272,5404045056,1536.4068,1344.4479
11,51,10000000,5425352272,5324569324,1535.3693,1347.6325
11,52,10000000,5425352272,5197585288,1527.979,1349.7837
11,53,10000000,5425352272,5557610940,1533.0264,1357.4167
11,54,10000000,5425352272,5552238636,1528.187,1349.7585
11,55,10000000,5425352272,5361632470,1538.995,1348.3422
11,56,10000000,5425352272,5399033926,1541.503,1359.9246
11,57,10000000,5425352272,5663753394,1541.7507,1347.662
11,58,10000000,5425352272,5075635076,1530.2476,1345.2882
11,59,10000000,5425352272,5440935454,1546.0513,1363.0802
11,60,10000000,5425352272,5435904802,1532.4323,1360.2209
11,61,10000000,5425352272,5621174636,1523.0374,1342.6016
11,62,10000000,5425352272,5541933336,1525.1231,1338.7362
11,63,10000000,5425352272,5202706970,1533.7323,1343.0103
11,64,10000000,5425352272,5197474598,1541.3862,1342.0371
11,65,10000000,5425352272,5197380124,1527.3267,1340.9715
11,66,10000000,5425352272,5155179110,1524.5902,1342.0997
11,67,10000000,5425352272,5176616718,1539.6479,1354.5835
11,68,10000000,5425352272,5711463652,1530.1446,1346.6544
11,69,10000000,5425352272,5679864106,1535.7431,1344.9105
11,70,10000000,5425352272,5419882306,1537.1731,1346.7717
11,71,10000000,5425352272,5187006518,1523.4559,1339.3457
11,72,10000000,5425352272,5536717336,1527.659,1336.4006
11,73,10000000,5425352272,5451817072,1525.7715,1339.4804
11,74,10000000,5425352272,5261448258,1529.3608,1341.8506
11,75,10000000,5425352272,5049160538,1527.3729,1338.2267
11,76,10000000,5425352272,5489013656,1527.8856,1340.2869
11,77,10000000,5425352272,5552827960,1525.5693,1338.28
11,78,10000000,5425352272,5716979138,1525.5937,1338.1835
11,79,10000000,5425352272,5404035186,1521.5423,1338.5843
11,80,10000000,5425352272,5208199852,1519.7036,1336.9636
11,81,10000000,5425352272,5748734994,1527.5782,1340.092
11,82,10000000,5425352272,5510278494,1525.5861,1340.6557
11,83,10000000,5425352272,5589483936,1528.9615,1340.0082
11,84,10000000,5425352272,5191916750,1534.7358,1346.585
11,85,10000000,5425352272,5451934244,1536.4056,1348.4724
11,86,10000000,5425352272,5457130830,1542.7706,1342.9089
11,87,10000000,5425352272,5568603218,1528.6614,1357.7873
11,88,10000000,5425352272,5504674996,1531.6717,1351.4918
11,89,10000000,5425352272,5271678830,1535.9943,1348.4539
11,90,10000000,5425352272,5658794220,1527.1479,1342.525
11,91,10000000,5425352272,5351252188,1546.3355,1353.2912
11,92,10000000,5425352272,5388321702,1527.2666,1357.1856
11,93,10000000,5425352272,5732292232,1528.071,1359.6536
11,94,10000000,5425352272,5658205162,1541.9036,1362.1849
11,95,10000000,5425352272,5568407756,1536.8784,1341.5726
11,96,10000000,5425352272,5149643802,1535.8174,1349.7298
11,97,10000000,5425352272,5102383054,1539.9549,1340.87
11,98,10000000,5425352272,5504955046,1550.3928,1346.6532
11,99,10000000,5425352272,5292885188,1527.2325,1338.7503
12,0,10000000,2712676968,2818757450,1555.1183,1343.5318
12,1,10000000,2712676968,2630519884,1552.5029,1352.8182
12,2,10000000,2712676968,2774980434,1556.9488,1342.7253
12,3,10000000,2712676968,2658428630,1552.7678,1346.6808
12,4,10000000,2712676968,2747143356,1561.1404,1367.2671
12,5,10000000,2712676968,2655778434,1557.9127,1356.2123
12,6,10000000,2712676968,2748284652,1578.4114,1375.7642
12,7,10000000,2712676968,2833274414,1557.2862,1365.6135
12,8,10000000,2712676968,2642547560,1562.5353,1367.0663
12,9,10000000,2712676968,2654371826,1562.7407,1351.2696
12,10,10000000,2712676968,2752354550,1557.5199,1358.8997
12,11,10000000,2712676968,2809474556,1559.9749,1350.1809
12,12,10000000,2712676968,2717946880,1551.5789,1362.9746
12,13,10000000,2712676968,2720577620,1555.9514,1371.0354
12,14,10000000,2712676968,2696847916,1547.1381,1351.0577
12,15,10000000,2712676968,2815895420,1571.428,1352.6028
12,16,10000000,2712676968,2551003564,1567.152,1367.4231
12,17,10000000,2712676968,2766863330,1560.8576,1352.623
12,18,10000000,2712676968,2744421318,1564.5697,1377.0483
12,19,10000000,2712676968,2690142170,1572.1205,1357.7279
12,20,10000000,2712676968,2798695642,1575.4904,1354.3844
12,21,10000000,2712676968,2624022598,1559.6446,1365.4375
12,22,10000000,2712676968,2649032084,1556.0365,1369.0994
12,23,10000000,2712676968,2708660732,1554.0517,1357.236
12,24,10000000,2712676968,2781629242,1570.3026,1351.4815
12,25,10000000,2712676968,2776289448,1559.5818,1354.1886
12,26,10000000,2712676968,2774837316,1543.7317,1352.6255
12,27,10000000,2712676968,2773736750,1563.0081,1345.9245
12,28,10000000,2712676968,2663688808,1555.2664,1349.0504
12,29,10000000,2712676968,2647805976,1570.1333,1349.9417
12,30,10000000,2712676968,2709937074,1552.8558,1351.7297
12,31,10000000,2712676968,2670168402,1555.5168,1352.6569
12,32,10000000,2712676968,2663646442,1568.1365,1346.1371
12,33,10000000,2712676968,2690223662,1558.7185,1357.5719
12,34,10000000,2712676968,2679558554,1577.2619,1341.0842
12,35,10000000,2712676968,2690145350,1545.5991,1343.9029
12,36,10000000,2712676968,2687412086,1545.5169,1361.5969
12,37,10000000,2712676968,2805529882,1557.0865,1345.6555
12,38,10000000,2712676968,2757668398,1536.4357,1345.6907
12,39,10000000,2712676968,2610726712,1568.8529,1371.0501
12,40,10000000,2712676968,2798837222,1545.5515,1352.449
12,41,10000000,2712676968,2679607456,1567.4962,1362.3579
12,42,10000000,2712676968,2768330160,1561.3086,1362.4172
12,43,10000000,2712676968,2657022200,1551.3589,1358.6317
12,44,10000000,2712676968,2698132338,1559.3738,1346.6582
12,45,10000000,2712676968,2782934958,1542.2669,1345.8425
12,46,10000000,2712676968,2704799126,1549.4174,1373.8078
12,47,10000000,2712676968,2744631326,1552.3689,1343.9253
12,48,10000000,2712676968,2684865876,1553.1443,1360.7044
12,49,10000000,2712676968,2744455476,1546.0871,1375.4455
12,50,10000000,2712676968,2631851664,1550.9789,1340.7608
12,51,10000000,2712676968,2698098166,1541.5924,1340.2036
12,52,10000000,2712676968,2755073382,1550.5812,1339.3326
12,53,10000000,2712676968,2602554194,1546.5174,1344.0416
12,54,10000000,2712676968,2594756024,1540.3049,1342.6933
12,55,10000000,2712676968,2751148254,1543.1981,1348.1523
12,56,10000000,2712676968,2761652150,1541.3647,1345.0576
12,57,10000000,2712676968,2679605690,1541.8047,1346.1801
12,58,10000000,2712676968,2694168210,1546.915,1338.2146
12,59,10000000,2712676968,2707275254,1541.6283,1340.563
12,60,10000000,2712676968,2699524388,1550.7245,1345.9063
12,61,10000000,2712676968,2747048870,1536.4753,1339.74
12,62,10000000,2712676968,2598868386,1537.3514,1337.2018
12,63,10000000,2712676968,2679283432,1544.0092,1339.9405
12,64,10000000,2712676968,2732468554,1560.3714,1339.8858
12,65,10000000,2712676968,2712680208,1539.8456,1339.8537
12,66,10000000,2712676968,2741785668,1541.188,1341.9077
12,67,10000000,2712676968,2729857174,1545.6971,1338.6949
12,68,10000000,2712676968,2694148690,1541.0159,1345.9376
12,69,10000000,2712676968,2748514024,1540.3788,1346.3355
12,70,10000000,2712676968,2619861444,1548.1208,1340.4413
12,71,10000000,2712676968,2784209676,1537.8481,1339.4435
12,72,10000000,2712676968,2635786572,1539.4675,1339.5225
12,73,10000000,2712676968,2678262638,1538.9703,1338.9614
12,74,10000000,2712676968,2679501632,1544.7899,1337.1761
12,75,10000000,2712676968,2744413276,1540.3215,1340.8032
12,76,10000000,2712676968,2769668348,1541.7463,1341.3687
12,77,10000000,2712676968,2718015176,1548.2764,1342.8272
12,78,10000000,2712676968,2698160006,1549.7711,1345.6948
12,79,10000000,2712676968,2659659474,1551.1378,1350.41
12,80,10000000,2712676968,2725997234,1539.8376,1343.0635
12,81,10000000,2712676968,2775022846,1546.5479,1344.4837
12,82,10000000,2712676968,2645127882,1551.5721,1341.6201
12,83,10000000,2712676968,2719263828,1537.26,1344.7322
12,84,10000000,2712676968,2635882498,1563.7719,1352.3881
12,85,10000000,2712676968,2661075902,1552.1904,1339.7495
12,86,10000000,2712676968,2666345714,1546.4118,1356.5437
12,87,10000000,2712676968,2752476672,1546.0982,1352.2323
12,88,10000000,2712676968,2703345238,1547.3104,1337.6967
12,89,10000000,2712676968,2824025572,1541.3737,1344.0184
12,90,10000000,2712676968,2633152490,1559.326,1338.8065
12,91,10000000,2712676968,2663638430,1559.0159,1347.2868
12,92,10000000,2712676968,2744367652,1545.4815,1343.8678
12,93,10000000,2712676968,2602690890,1547.9436,1345.4305
12,94,10000000,2712676968,2749800194,1537.4036,1344.3575
12,95,10000000,2712676968,2639718102,1551.3575,1346.2781
12,96,10000000,2712676968,2765544686,1564.6145,1344.9935
12,97,10000000,2712676968,2645176816,1536.1613,1344.2535
12,98,10000000,2712676968,2650471032,1547.8761,1347.5124
12,99,10000000,2712676968,2585474854,1549.1255,1350.1382
13,0,10000000,1356339700,1346703664,1573.5325,1360.4833
13,1,10000000,1356339700,1338776008,1572.4815,1360.1735
13,2,10000000,1356339700,1394110140,1569.7436,1342.3251
13,3,10000000,1356339700,1347044714,1558.5277,1356.2787
13,4,10000000,1356339700,1347376784,1569.2774,1349.1345
13,5,10000000,1356339700,1322916106,1571.031,1348.3036
13,6,10000000,1356339700,1337869226,1565.0176,1364.1405
13,7,10000000,1356339700,1344836242,1572.0551,1347.2871
13,8,10000000,1356339700,1370552964,1573.5926,1354.5601
13,9,10000000,1356339700,1405036390,1575.3311,1356.3222
13,10,10000000,1356339700,1354719838,1566.3959,1356.7553
13,11,10000000,1356339700,1366608358,1570.0897,1360.4353
13,12,10000000,1356339700,1408344508,1566.5216,1348.8348
13,13,10000000,1356339700,1358915194,1573.7405,1347.9296
13,14,10000000,1356339700,1309980012,1570.126,1349.1086
13,15,10000000,1356339700,1371552572,1580.8924,1344.6531
13,16,10000000,1356339700,1377480062,1567.9217,1348.514
13,17,10000000,1356339700,1371551722,1576.7907,1352.4699
13,18,10000000,1356339700,1347388986,1570.4264,1360.8584
13,19,10000000,1356339700,1339436178,1574.0274,1349.3625
13,20,10000000,1356339700,1383528930,1562.536,1349.3815
13,21,10000000,1356339700,1328522922,1558.7619,1352.4313
13,22,10000000,1356339700,1358951832,1566.619,1352.8187
13,23,10000000,1356339700,1382461004,1566.8421,1348.1138
13,24,10000000,1356339700,1362398308,1568.3942,1349.9741
13,25,10000000,1356339700,1342125676,1584.35,1364.8774
13,26,10000000,1356339700,1342792192,1574.3729,1345.1713
13,27,10000000,1356339700,1386469154,1570.2384,1351.1831
13,28,10000000,1356339700,1351397088,1568.7113,1363.534
13,29,10000000,1356339700,1337101594,1579.0154,1346
13,30,10000000,1356339700,1341447592,1572.716,1351.1867
13,31,10000000,1356339700,1336509020,1570.7421,1348.8095
13,32,10000000,1356339700,1316255056,1568.995,1359.126
13,33,10000000,1356339700,1369305022,1559.847,1347.1341
13,34,10000000,1356339700,1379865970,1568.0228,1346.3901
13,35,10000000,1356339700,1334098786,1560.1085,1349.8242
13,36,10000000,1356339700,1336469914,1559.0571,1341.9073
13,37,10000000,1356339700,1382435658,1571.7639,1346.5716
13,38,10000000,1356339700,1358006856,1560.4621,1342.3959
13,39,10000000,1356339700,1369605444,1558.948,1345.8034
13,40,10000000,1356339700,1347406828,1563.4696,1341.7791
13,41,10000000,1356339700,1339107316,1558.587,1342.7222
13,42,10000000,1356339700,1360555414,1563.7408,1349.8001
13,43,10000000,1356339700,1353043792,1560.2404,1342.0994
13,44,10000000,1356339700,1374210236,1559.3926,1344.3826
13,45,10000000,1356339700,1346748348,1557.8821,1344.8796
13,46,10000000,1356339700,1375524912,1562.1449,1349.6822
13,47,10000000,1356339700,1373870050,1561.4601,1343.2789
13,48,10000000,1356339700,1334165508,1563.9094,1341.8306
13,49,10000000,1356339700,1366212730,1566.1985,1345.6003
13,50,10000000,1356339700,1384854886,1580.825,1346.4588
13,51,10000000,1356339700,1360937224,1568.3258,1343.5163
13,52,10000000,1356339700,1350982748,1562.1127,1348.7719
13,53,10000000,1356339700,1325207464,1568.2668,1343.9863
13,54,10000000,1356339700,1348735278,1561.281,1352.7388
13,55,10000000,1356339700,1376874472,1576.9403,1350.3513
13,56,10000000,1356339700,1357046190,1573.3378,1352.4261
13,57,10000000,1356339700,1372259850,1563.3952,1358.739
13,58,10000000,1356339700,1344121522,1582.7305,1357.103
13,59,10000000,1356339700,1349415750,1566.0568,1367.8931
13,60,10000000,1356339700,1364955046,1573.8036,1361.6263
13,61,10000000,1356339700,1366542366,1583.305,1355.3231
13,62,10000000,1356339700,1365974966,1578.2177,1360.4682
13,63,10000000,1356339700,1359642952,1576.7685,1358.2526
13,64,10000000,1356339700,1401684380,1567.5398,1377.1728
13,65,10000000,1356339700,1383521638,1583.6245,1357.4717
13,66,10000000,1356339700,1329154498,1577.4723,1375.7965
13,67,10000000,1356339700,1372902978,1592.2386,1344.925
13,68,10000000,1356339700,1337783776,1576.4362,1365.8094
13,69,10000000,1356339700,1375231800,1590.3782,1358.1077
13,70,10000000,1356339700,1364587940,1584.2894,1357.6093
13,71,10000000,1356339700,1354359192,1580.2164,1356.1971
13,72,10000000,1356339700,1397622522,1577.9968,1386.6398
13,73,10000000,1356339700,1342399922,1583.2208,1355.4104
13,74,10000000,1356339700,1373570432,1574.041,1353.3901
13,75,10000000,1356339700,1316640074,1576.3948,1365.109
13,76,10000000,1356339700,1349755264,1579.3866,1361.783
13,77,10000000,1356339700,1321227006,1572.3336,1361.164
13,78,10000000,1356339700,1366602562,1578.6012,1372.075
13,79,10000000,1356339700,1376461792,1591.6755,1358.6308
13,80,10000000,1356339700,1353071488,1578.4853,1362.4371
13,81,10000000,1356339700,1386456050,1573.2376,1350.9611
13,82,10000000,1356339700,1374845202,1582.9044,1368.6488
13,83,10000000,1356339700,1337406850,1586.5022,1378.432
13,84,10000000,1356339700,1306972146,1584.3851,1382.9933
13,85,10000000,1356339700,1339760120,1575.8262,1363.7744
13,86,10000000,1356339700,1310106092,1574.4293,1353.7296
13,87,10000000,1356339700,1371235852,1588.618,1368.8461
13,88,10000000,1356339700,1309686860,1570.0726,1349.5236
13,89,10000000,1356339700,1376267140,1573.7524,1353.122
13,90,10000000,1356339700,1353440228,1571.9998,1355.9359
13,91,10000000,1356339700,1358656328,1559.0146,1343.6303
13,92,10000000,1356339700,1371927788,1563.9152,1345.5481
13,93,10000000,1356339700,1378563524,1561.3908,1347.3524
13,94,10000000,1356339700,1371607898,1566.9306,1342.2449
13,95,10000000,1356339700,1318592964,1562.3438,1345.5789
13,96,10000000,1356339700,1373584264,1563.3937,1342.0807
13,97,10000000,1356339700,1333503748,1564.2106,1347.7975
13,98,10000000,1356339700,1339416668,1564.1342,1345.2144
13,99,10000000,1356339700,1346755618,1560.7515,1348.7085
14,0,10000000,678199012,673958972,1602.6615,1366.8445
14,1,10000000,678199012,680448624,1605.0251,1367.8461
14,2,10000000,678199012,668153078,1615.5279,1373.1276
14,3,10000000,678199012,671353184,1605.4418,1377.112
14,4,10000000,678199012,684952080,1614.0397,1370.7103
14,5,10000000,678199012,683945524,1612.6598,1388.6506
14,6,10000000,678199012,680167824,1627.8233,1369.9409
14,7,10000000,678199012,680103308,1612.1481,1371.3396
14,8,10000000,678199012,681097230,1630.8177,1376.4037
14,9,10000000,678199012,693321068,1603.154,1365.3999
14,10,10000000,678199012,674908992,1606.6203,1375.7711
14,11,10000000,678199012,680207462,1608.6997,1367.0528
14,12,10000000,678199012,678540472,1611.0185,1368.6604
14,13,10000000,678199012,676495418,1615.1956,1366.1209
14,14,10000000,678199012,677728202,1620.0865,1363.75
14,15,10000000,678199012,684388018,1616.2157,1373.4394
14,16,10000000,678199012,687459974,1625.248,1367.3332
14,17,10000000,678199012,689551894,1609.6326,1369.5367
14,18,10000000,678199012,678880822,1606.8483,1365.2937
14,19,10000000,678199012,681294504,1608.5753,1369.098
14,20,10000000,678199012,679948432,1603.7933,1364.6445
14,21,10000000,678199012,674537616,1605.3924,1366.0965
14,22,10000000,678199012,674074788,1606.923,1366.8325
14,23,10000000,678199012,689360744,1612.6977,1377.2116
14,24,10000000,678199012,679069518,1612.8131,1365.3227
14,25,10000000,678199012,684486740,1604.1835,1367.6413
14,26,10000000,678199012,687761846,1605.1703,1366.2556
14,27,10000000,678199012,690512140,1602.4264,1364.0687
14,28,10000000,678199012,690849342,1610.2056,1364.9131
14,29,10000000,678199012,678151628,1606.8742,1366.8751
14,30,10000000,678199012,672659392,1612.1872,1366.3723
14,31,10000000,678199012,672307488,1606.1712,1368.5922
14,32,10000000,678199012,671133488,1607.705,1364.936
14,33,10000000,678199012,686036608,1616.0711,1370.3838
14,34,10000000,678199012,680825984,1606.9483,1371.587
14,35,10000000,678199012,670920308,1612.6063,1369.6335
14,36,10000000,678199012,668235114,1610.068,1374.3077
14,37,10000000,678199012,673088680,1609.0972,1366.3611
14,38,10000000,678199012,678028756,1610.2974,1370.4198
14,39,10000000,678199012,690624630,1608.8539,1374.2697
14,40,10000000,678199012,682064264,1606.6645,1375.35
14,41,10000000,678199012,672117546,1606.4196,1370.1582
14,42,10000000,678199012,673454542,1609.2473,1367.7983
14,43,10000000,678199012,676568058,1608.3481,1369.665
14,44,10000000,678199012,697223432,1617.0995,1380.4415
14,45,10000000,678199012,675950856,1603.2609,1374.8962
14,46,10000000,678199012,685563540,1609.3014,1377.5925
14,47,10000000,678199012,677380438,1619.3309,1375.0064
14,48,10000000,678199012,683751568,1616.1905,1368.2202
14,49,10000000,678199012,675380310,1608.595,1368.1264
14,50,10000000,678199012,666895538,1631.0678,1377.9893
14,51,10000000,678199012,690804516,1644.6145,1368.2524
14,52,10000000,678199012,683389756,1613.2625,1374.2476
14,53,10000000,678199012,674766096,1615.7098,1374.3259
14,54,10000000,678199012,677196192,1615.4261,1387.6912
14,55,10000000,678199012,674793570,1608.4438,1372.9798
14,56,10000000,678199012,685398850,1618.442,1374.5388
14,57,10000000,678199012,694100590,1620.0666,1379.8436
14,58,10000000,678199012,670363714,1624.2468,1382.3101
14,59,10000000,678199012,667399890,1617.5438,1365.4407
14,60,10000000,678199012,674783766,1612.3334,1366.9014
14,61,10000000,678199012,674350412,1610.536,1377.2757
14,62,10000000,678199012,680978230,1613.0925,1370.3213
14,63,10000000,678199012,691381838,1609.1966,1371.0973
14,64,10000000,678199012,670201150,1627.0219,1382.5808
14,65,10000000,678199012,677258188,1617.6764,1377.828
14,66,10000000,678199012,677833388,1624.8867,1377.075
14,67,10000000,678199012,675749048,1614.3,1368.5082
14,68,10000000,678199012,673294792,1624.7709,1374.9916
14,69,10000000,678199012,669158572,1606.7547,1366.9832
14,70,10000000,678199012,676604010,1610.6017,1373.5994
14,71,10000000,678199012,671450816,1608.548,1369.666
14,72,10000000,678199012,684504946,1605.2213,1368.9237
14,73,10000000,678199012,681991552,1617.486,1366.0959
14,74,10000000,678199012,671290246,1605.7492,1373.1373
14,75,10000000,678199012,682881030,1623.0469,1366.5119
14,76,10000000,678199012,686514420,1611.2243,1368.1504
14,77,10000000,678199012,680944216,1615.082,1367.7641
14,78,10000000,678199012,693428344,1612.5434,1368.7699
14,79,10000000,678199012,675141654,1613.6713,1372.871
14,80,10000000,678199012,674926226,1604.8843,1373.3683
14,81,10000000,678199012,675755586,1603.7089,1371.2858
14,82,10000000,678199012,688338776,1606.4302,1374.0412
14,83,10000000,678199012,679723312,1606.3302,1368.8092
14,84,10000000,678199012,684174762,1615.977,1365.9982
14,85,10000000,678199012,674825274,1606.8017,1365.2472
14,86,10000000,678199012,675844364,1608.5711,1365.5157
14,87,10000000,678199012,681119786,1606.878,1373.4416
14,88,10000000,678199012,679241426,1608.4364,1366.9341
14,89,10000000,678199012,676833828,1606.8653,1367.4684
14,90,10000000,678199012,669744564,1606.6012,1372.0521
14,91,10000000,678199012,689945540,1621.9191,1366.1225
14,92,10000000,678199012,677537892,1599.4983,1373.1351
14,93,10000000,678199012,680328238,1609.6797,1369.665
14,94,10000000,678199012,676598686,1606.0049,1370.9877
14,95,10000000,678199012,673963276,1605.6253,1364.3625
14,96,10000000,678199012,678833176,1607.4546,1365.7556
14,97,10000000,678199012,668158810,1602.0767,1365.3315
14,98,10000000,678199012,684564008,1613.1339,1367.7135
14,99,10000000,678199012,678603050,1606.6712,1370.6196
15,0,10000000,339108872,343093778,1683.717,1367.8645
15,1,10000000,339108872,338042422,1699.1873,1375.4123
15,2,10000000,339108872,340161348,1698.5314,1368.4471
15,3,10000000,339108872,336295332,1684.4224,1371.838
15,4,10000000,339108872,342544864,1695.4017,1372.6603
15,5,10000000,339108872,336776086,1683.6269,1367.5279
15,6,10000000,339108872,341810852,1682.8447,1369.5452
15,7,10000000,339108872,339119194,1684.2973,1371.8047
15,8,10000000,339108872,337940816,1692.4317,1368.568
15,9,10000000,339108872,336835260,1685.8378,1374.5072
15,10,10000000,339108872,337532288,1686.4554,1371.3346
15,11,10000000,339108872,332103888,1680.6917,1373.9415
15,12,10000000,339108872,337862032,1691.2612,1365.4424
15,13,10000000,339108872,342097744,1706.8345,1377.3252
15,14,10000000,339108872,339899088,1702.4101,1368.7799
15,15,10000000,339108872,338695914,1681.1258,1374.3172
15,16,10000000,339108872,337753512,1684.008,1374.5432
15,17,10000000,339108872,339645870,1688.2302,1374.0174
15,18,10000000,339108872,339786950,1687.9099,1369.1421
15,19,10000000,339108872,340330654,1697.6942,1371.133
15,20,10000000,339108872,340488762,1680.4735,1386.2409
15,21,10000000,339108872,340802444,1692.396,1377.4006
15,22,10000000,339108872,334767080,1688.5314,1373.4005
15,23,10000000,339108872,341221276,1695.1373,1370.6492
15,24,10000000,339108872,344606570,1690.259,1378.118
15,25,10000000,339108872,336066856,1688.4339,1377.2865
15,26,10000000,339108872,338875282,1679.1691,1368.2038
15,27,10000000,339108872,330862262,1699.5124,1374.9392
15,28,10000000,339108872,346327312,1687.6638,1392.2726
15,29,10000000,339108872,341751016,1708.5945,1384.1668
15,30,10000000,339108872,343538594,1712.0239,1391.8618
15,31,10000000,339108872,342162636,1695.8557,1382.2822
15,32,10000000,339108872,341417890,1692.5253,1380.5203
15,33,10000000,339108872,333464398,1702.8711,1374.9037
15,34,10000000,339108872,337893342,1717.5238,1377.0172
15,35,10000000,339108872,343302394,1694.0738,1376.4295
15,36,10000000,339108872,337082274,1701.1433,1376.8083
15,37,10000000,339108872,333633780,1698.0249,1383.2255
15,38,10000000,339108872,343635186,1701.9467,1382.4293
15,39,10000000,339108872,340252486,1689.927,1381.7957
15,40,10000000,339108872,339774924,1703.4812,1389.675
15,41,10000000,339108872,338816220,1691.1333,1390.1025
15,42,10000000,339108872,339554210,1689.5278,1393.8851
15,43,10000000,339108872,340809552,1694.2957,1378.2699
15,44,10000000,339108872,339553362,1691.1165,1378.5279
15,45,10000000,339108872,340291536,1694.9394,1377.0453
15,46,10000000,339108872,333604882,1704.6874,1401.2704
15,47,10000000,339108872,338337252,1704.5981,1378.9079
15,48,10000000,339108872,338627258,1695.6017,1376.6147
15,49,10000000,339108872,340838280,1691.7242,1368.2892
15,50,10000000,339108872,342084810,1724.0162,1369.3755
15,51,10000000,339108872,335941150,1687.3501,1370.7034
15,52,10000000,339108872,338963730,1709.0943,1375.0167
15,53,10000000,339108872,338208868,1692.5618,1372.8856
15,54,10000000,339108872,341112776,1691.5126,1382.3006
15,55,10000000,339108872,336712458,1693.5546,1381.0797
15,56,10000000,339108872,341405956,1685.1347,1372.7969
15,57,10000000,339108872,343645264,1702.0922,1377.1181
15,58,10000000,339108872,337203606,1703.6558,1372.8896
15,59,10000000,339108872,337755244,1696.9641,1385.2518
15,60,10000000,339108872,341168500,1698.706,1387.2524
15,61,10000000,339108872,339490278,1688.8204,1388.1745
15,62,10000000,339108872,338986720,1685.9964,1390.3477
15,63,10000000,339108872,335334482,1703.0562,1375.8546
15,64,10000000,339108872,338628072,1700.3237,1400.9402
15,65,10000000,339108872,335996798,1704.8693,1374.2313
15,66,10000000,339108872,341482144,1713.39,1388.4527
15,67,10000000,339108872,338775786,1688.9135,1382.508
15,68,10000000,339108872,336785610,1693.4225,1373.7156
15,69,10000000,339108872,340911488,1690.2659,1383.2266
15,70,10000000,339108872,340573924,1685.9809,1368.1913
15,71,10000000,339108872,343244238,1682.2744,1376.8881
15,72,10000000,339108872,340805832,1686.6393,1383.4031
15,73,10000000,339108872,339538414,1695.6386,1379.8798
15,74,10000000,339108872,334707562,1685.8286,1382.7487
15,75,10000000,339108872,333911260,1686.3182,1376.0024
15,76,10000000,339108872,342538668,1685.2528,1375.0624
15,77,10000000,339108872,339373382,1689.3974,1373.2491
15,78,10000000,339108872,340260426,1681.7311,1368.5734
15,79,10000000,339108872,341468194,1690.0168,1376.201
15,80,10000000,339108872,341763482,1680.8943,1373.7624
15,81,10000000,339108872,336523644,1687.8713,1369.3707
15,82,10000000,339108872,340165884,1691.3226,1371.4298
15,83,10000000,339108872,341669658,1683.7169,1372.9579
15,84,10000000,339108872,333572440,1679.7285,1368.177
15,85,10000000,339108872,340341242,1683.9057,1370.1114
15,86,10000000,339108872,341701582,1684.0868,1381.2133
15,87,10000000,339108872,341695934,1683.1627,1371.2981
15,88,10000000,339108872,338070730,1688.084,1372.6759
15,89,10000000,339108872,342995796,1685.4045,1369.7388
15,90,10000000,339108872,340771244,1698.2187,1369.5358
15,91,10000000,339108872,342672146,1692.8275,1371.0984
15,92,10000000,339108872,333432002,1693.146,1375.5938
15,93,10000000,339108872,339688990,1691.2695,1373.7945
15,94,10000000,339108872,339947880,1682.5758,1379.3434
15,95,10000000,339108872,342214684,1684.243,1377.9206
15,96,10000000,339108872,337592880,1687.3312,1366.8089
15,97,10000000,339108872,338831188,1696.4008,1373.1022
15,98,10000000,339108872,336301228,1685.5428,1381.9769
15,99,10000000,339108872,335867750,1695.4765,1384.4673
16,0,10000000,169567940,169160008,1752.0082,1378.1772
16,1,10000000,169567940,168115996,1765.7648,1397.4507
16,2,10000000,169567940,169789196,1765.0588,1382.9832
16,3,10000000,169567940,170080084,1756.183,1387.2555
16,4,10000000,169567940,169303842,1774.7632,1396.3706
16,5,10000000,169567940,171772594,1764.6982,1380.1312
16,6,10000000,169567940,168230756,1750.2331,1382.4089
16,7,10000000,169567940,169233354,1768.9179,1378.7871
16,8,10000000,169567940,169467428,1761.9925,1381.2415
16,9,10000000,169567940,171152368,1766.8384,1375.9364
16,10,10000000,169567940,168977668,1759.5705,1382.9321
16,11,10000000,169567940,168987596,1766.7883,1380.7856
16,12,10000000,169567940,168609636,1769.4359,1376.1052
16,13,10000000,169567940,171096134,1766.3128,1379.4826
16,14,10000000,169567940,170175938,1770.8502,1383.092
16,15,10000000,169567940,171617416,1767.3527,1378.7441
16,16,10000000,169567940,168038128,1770.0141,1374.2596
16,17,10000000,169567940,169970052,1747.9729,1375.8036
16,18,10000000,169567940,168833194,1767.1776,1385.4231
16,19,10000000,169567940,169126396,1750.2336,1377.2282
16,20,10000000,169567940,170702014,1756.3625,1381.5195
16,21,10000000,169567940,169537278,1759.9766,1376.9996
16,22,10000000,169567940,169475700,1759.6662,1377.9947
16,23,10000000,169567940,170918048,1750.5046,1375.8399
16,24,10000000,169567940,169261844,1760.1765,1379.2108
16,25,10000000,169567940,169872632,1753.0393,1378.5067
16,26,10000000,169567940,168856808,1751.5227,1375.9592
16,27,10000000,169567940,169799380,1743.4166,1373.1567
16,28,10000000,169567940,167903884,1747.0136,1374.2799
16,29,10000000,169567940,170551566,1738.7509,1375.7965
16,30,10000000,169567940,167076528,1749.5454,1380.9992
16,31,10000000,169567940,169424594,1751.8733,1371.4578
16,32,10000000,169567940,170663138,1749.1736,1373.7294
16,33,10000000,169567940,171080674,1752.403,1374.4259
16,34,10000000,169567940,168838924,1758.6458,1376.6331
16,35,10000000,169567940,170674244,1765.1632,1372.0755
16,36,10000000,169567940,168453264,1749.667,1377.0713
16,37,10000000,169567940,170066400,1756.1698,1377.2564
16,38,10000000,169567940,168527672,1755.5566,1378.171
16,39,10000000,169567940,169445244,1753.0557,1374.6977
16,40,10000000,169567940,170944488,1762.0893,1377.0756
16,41,10000000,169567940,168818870,1749.5699,1376.2617
16,42,10000000,169567940,169737180,1750.5762,1374.5702
16,43,10000000,169567940,170177186,1749.8072,1376.0496
16,44,10000000,169567940,169551366,1756.7142,1376.1226
16,45,10000000,169567940,169428588,1752.7464,1377.9913
16,46,10000000,169567940,168614084,1747.9102,1377.4131
16,47,10000000,169567940,169168078,1771.7583,1377.6546
16,48,10000000,169567940,169991114,1741.1194,1376.7111
16,49,10000000,169567940,168592246,1762.3219,1375.9547
16,50,10000000,169567940,169908078,1747.7758,1377.8948
16,51,10000000,169567940,169380272,1756.9244,1372.5793
16,52,10000000,169567940,170159246,1741.9671,1375.1213
16,53,10000000,169567940,169624850,1748.0295,1376.6481
16,54,10000000,169567940,169040996,1752.4833,1372.1385
16,55,10000000,169567940,170055968,1750.4104,1371.888
16,56,10000000,169567940,170151760,1752.9631,1374.8193
16,57,10000000,169567940,168618452,1785.5165,1374.3303
16,58,10000000,169567940,168792306,1745.6356,1372.7506
16,59,10000000,169567940,168633598,1764.7496,1376.6719
16,60,10000000,169567940,168527848,1754.5055,1373.7074
16,61,10000000,169567940,168528194,1747.8312,1376.0586
16,62,10000000,169567940,169053150,1743.0627,1373.9216
16,63,10000000,169567940,169266852,1762.678,1373.8384
16,64,10000000,169567940,169135274,1757.6737,1374.0574
16,65,10000000,169567940,169381306,1750.9871,1375.4629
16,66,10000000,169567940,169757256,1753.2711,1374.0955
16,67,10000000,169567940,169502128,1756.011,1373.8488
16,68,10000000,169567940,169699332,1752.3993,1377.3515
16,69,10000000,169567940,170742136,1752.8277,1377.4175
16,70,10000000,169567940,169436468,1753.0564,1376.5712
16,71,10000000,169567940,170307084,1751.7311,1373.1436
16,72,10000000,169567940,169314570,1753.265,1374.0927
16,73,10000000,169567940,170426452,1759.2943,1376.5798
16,74,10000000,169567940,168711756,1752.5009,1373.4128
16,75,10000000,169567940,169595616,1753.1658,1376.6665
16,76,10000000,169567940,170410450,1758.2035,1376.4325
16,77,10000000,169567940,167466194,1746.4017,1377.2378
16,78,10000000,169567940,170520588,1757.7936,1372.5607
16,79,10000000,169567940,168713156,1752.8068,1373.24
16,80,10000000,169567940,169804002,1748.6306,1373.1005
16,81,10000000,169567940,170278444,1756.7724,1374.3402
16,82,10000000,169567940,170011582,1763.0709,1375.9403
16,83,10000000,169567940,171281160,1751.9911,1374.1154
16,84,10000000,169567940,170058096,1759.4869,1378.6867
16,85,10000000,169567940,169663660,1751.5251,1373.2111
16,86,10000000,169567940,170034754,1752.4573,1374.9356
16,87,10000000,169567940,169458036,1757.9296,1379.8041
16,88,10000000,169567940,169316854,1765.4546,1378.7474
16,89,10000000,169567940,169943448,1748.799,1377.8689
16,90,10000000,169567940,171552762,1754.1328,1383.6494
16,91,10000000,169567940,169415338,1756.6381,1382.4043
16,92,10000000,169567940,170769022,1762.6766,1377.9626
16,93,10000000,169567940,169006290,1769.5186,1381.2674
16,94,10000000,169567940,168434760,1767.287,1383.9041
16,95,10000000,169567940,168988352,1765.7016,1379.4758
16,96,10000000,169567940,170936548,1768.0269,1377.3583
16,97,10000000,169567940,169034212,1768.2779,1378.5593
16,98,10000000,169567940,170471470,1781.2599,1403.6406
16,99,10000000,169567940,169947524,1777.2312,1386.3787
17,0,10000000,84993356,84361236,1931.7168,1381.5127
17,1,10000000,84993356,84765912,1919.9434,1393.1221
17,2,10000000,84993356,84901502,1897.2719,1384.3802
17,3,10000000,84993356,85274710,1913.1507,1381.0101
17,4,10000000,84993356,85112382,1895.3743,1388.4682
17,5,10000000,84993356,84810086,1911.2723,1398.5832
17,6,10000000,84993356,84626508,1909.2383,1389.6846
17,7,10000000,84993356,85003894,1909.5615,1392.0456
17,8,10000000,84993356,84779750,1918.6892,1382.9835
17,9,10000000,84993356,84836876,1919.4294,1384.4019
17,10,10000000,84993356,84618802,1922.6175,1397.676
17,11,10000000,84993356,84842928,1927.7887,1388.8422
17,12,10000000,84993356,84994380,1936.965,1385.3284
17,13,10000000,84993356,85342606,1960.7228,1399.6968
17,14,10000000,84993356,85164650,1916.0885,1391.106
17,15,10000000,84993356,85109922,1917.1706,1411.354
17,16,10000000,84993356,85420034,1908.4073,1409.9062
17,17,10000000,84993356,85048216,1919.45,1400.1326
17,18,10000000,84993356,85149616,1917.0137,1397.1508
17,19,10000000,84993356,84819680,1922.2811,1391.734
17,20,10000000,84993356,85065484,1939.914,1383.3505
17,21,10000000,84993356,85386748,1916.5271,1392.398
17,22,10000000,84993356,85101460,1921.972,1384.4592
17,23,10000000,84993356,85164630,1915.8471,1386.1661
17,24,10000000,84993356,85386656,1932.7921,1389.1696
17,25,10000000,84993356,85187558,1921.7586,1394.5547
17,26,10000000,84993356,85285652,1907.9455,1388.1191
17,27,10000000,84993356,85031314,1908.5272,1392.0186
17,28,10000000,84993356,85150780,1912.1215,1381.7747
17,29,10000000,84993356,84788420,1917.9597,1387.4817
17,30,10000000,84993356,85579794,1913.1407,1401.82
17,31,10000000,84993356,84633922,1955.0912,1382.2025
17,32,10000000,84993356,84523312,1910.5215,1386.2074
17,33,10000000,84993356,85395160,1913.0979,1404.8537
17,34,10000000,84993356,84621666,1936.2168,1381.4562
17,35,10000000,84993356,85500120,1902.6182,1391.5325
17,36,10000000,84993356,84824336,1917.9568,1380.415
17,37,10000000,84993356,84804628,1932.2554,1380.7998
17,38,10000000,84993356,85231878,1904.0533,1390.2695
17,39,10000000,84993356,85379070,1919.5571,1384.7263
17,40,10000000,84993356,85133584,1959.4672,1383.9504
17,41,10000000,84993356,85006756,1908.0065,1383.565
17,42,10000000,84993356,84544764,1905.3898,1396.396
17,43,10000000,84993356,85542312,1940.2199,1388.2404
17,44,10000000,84993356,84579206,1924.4294,1397.5757
17,45,10000000,84993356,84956070,1911.7162,1416.2045
17,46,10000000,84993356,84682440,1906.9741,1392.729
17,47,10000000,84993356,84977830,1920.7524,1388.6053
17,48,10000000,84993356,85037454,1906.582,1386.0149
17,49,10000000,84993356,84746552,1953.8598,1393.8484
17,50,10000000,84993356,85007754,1903.8858,1390.2898
17,51,10000000,84993356,84642492,1921.6039,1389.9755
17,52,10000000,84993356,85291756,1911.6644,1389.5538
17,53,10000000,84993356,85151546,1904.5029,1382.1976
17,54,10000000,84993356,84857324,1909.8145,1395.1404
17,55,10000000,84993356,84820130,1921.3904,1391.7697
17,56,10000000,84993356,85130352,1902.5471,1387.654
17,57,10000000,84993356,84825680,1926.114,1393.7353
17,58,10000000,84993356,85873974,1937.1898,1390.9997
17,59,10000000,84993356,84934960,1926.8604,1398.211
17,60,10000000,84993356,84472680,1915.9739,1391.1066
17,61,10000000,84993356,84851804,1935.9349,1388.5306
17,62,10000000,84993356,84435434,1915.0059,1386.3494
17,63,10000000,84993356,84860434,1921.2334,1395.5227
17,64,10000000,84993356,84764470,1922.4286,1404.8674
17,65,10000000,84993356,85376582,1913.6476,1383.6404
17,66,10000000,84993356,85150194,1927.7432,1397.5372
17,67,10000000,84993356,85374244,1949.376,1392.5124
17,68,10000000,84993356,84703580,1920.0147,1392.3845
17,69,10000000,84993356,84787940,1900.033,1404.0688
17,70,10000000,84993356,84791726,1903.5008,1391.4912
17,71,10000000,84993356,84836212,1917.4486,1388.7727
17,72,10000000,84993356,84727362,1909.6022,1402.1989
17,73,10000000,84993356,84993648,1936.1531,1393.4894
17,74,10000000,84993356,85054424,1885.6883,1382.8513
17,75,10000000,84993356,84864396,1904.0911,1384.7793
17,76,10000000,84993356,84959606,1906.8234,1386.087
17,77,10000000,84993356,85210378,1902.8494,1391.8204
17,78,10000000,84993356,85003226,1910.2353,1390.9806
17,79,10000000,84993356,84929160,1916.5784,1383.6746
17,80,10000000,84993356,85328684,1894.3638,1385.7915
17,81,10000000,84993356,85071280,1920.6585,1383.4545
17,82,10000000,84993356,85279834,1905.121,1390.3526
17,83,10000000,84993356,84939900,1906.8305,1378.0236
17,84,10000000,84993356,84919814,1909.8654,1382.4142
17,85,10000000,84993356,84921858,1931.1049,1393.783
17,86,10000000,84993356,85147908,1909.6418,1385.5171
17,87,10000000,84993356,85563228,1901.6054,1386.3688
18,0,10000000,42587964,42573274,2369.0865,1401.374
18,1,10000000,42587964,42440446,2366.6926,1397.0438
18,2,10000000,42587964,42410340,2348.3624,1388.8742
18,3,10000000,42587964,42264126,2374.6874,1387.8529
18,4,10000000,42587964,42535030,2368.7944,1387.7107
18,5,10000000,42587964,42407138,2363.8856,1393.546
18,6,10000000,42587964,42566318,2348.6507,1391.9786
18,7,10000000,42587964,42607598,2389.5316,1392.2334
18,8,10000000,42587964,42583700,2355.7532,1390.9148
18,9,10000000,42587964,42644252,2351.5428,1386.0699
18,10,10000000,42587964,42555904,2394.0402,1383.6607
18,11,10000000,42587964,42759486,2391.5999,1394.2332
18,12,10000000,42587964,42624324,2368.459,1394.9898
18,13,10000000,42587964,42739870,2405.5407,1398.5088
18,14,10000000,42587964,42380750,2361.3533,1393.2996
18,15,10000000,42587964,42506298,2382.0145,1393.5057
18,16,10000000,42587964,42644678,2368.7855,1385.7892
18,17,10000000,42587964,42867400,2376.8772,1392.5999
18,18,10000000,42587964,42549364,2377.9988,1401.0649
18,19,10000000,42587964,42848600,2363.1634,1399.8605
18,20,10000000,42587964,42604146,2380.4534,1400.815
18,21,10000000,42587964,42560480,2376.9492,1393.8886
18,22,10000000,42587964,42377704,2358.566,1396.6827
18,23,10000000,42587964,42625124,2388.6802,1394.6883
18,24,10000000,42587964,42583486,2378.245,1397.5243
18,25,10000000,42587964,42448488,2364.1034,1406.7039
18,26,10000000,42587964,42621474,2380.8897,1409.2812
18,27,10000000,42587964,42762816,2414.4331,1397.0155
18,28,10000000,42587964,42731432,2542.3749,1403.1303
18,29,10000000,42587964,42364626,2395.7756,1404.9414
18,30,10000000,42587964,42401578,2361.9299,1398.2833
18,31,10000000,42587964,42733926,2430.6639,1409.159
18,32,10000000,42587964,42427188,2388.0716,1403.8969
18,33,10000000,42587964,42771274,2387.4273,1401.0994
18,34,10000000,42587964,42525240,2396.4491,1413.7494
18,35,10000000,42587964,42467684,2391.1127,1400.4417
18,36,10000000,42587964,42667752,2383.9178,1421.8656
18,37,10000000,42587964,42509226,2365.5897,1389.4895
18,38,10000000,42587964,42428640,2394.9722,1386.4924
18,39,10000000,42587964,42484264,2416.1174,1407.6114
18,40,10000000,42587964,42571048,2367.7536,1391.7918
18,41,10000000,42587964,42915568,2365.7826,1390.1202
18,42,10000000,42587964,42780932,2365.9685,1392.958
18,43,10000000,42587964,42743752,2357.1624,1395.8326
18,44,10000000,42587964,42556568,2373.9098,1396.8476
18,45,10000000,42587964,42569518,2390.0664,1389.9125
18,46,10000000,42587964,42582642,2366.8654,1404.3013
18,47,10000000,42587964,42638058,2371.6274,1398.8052
18,48,10000000,42587964,42432278,2358.9337,1401.5008
18,49,10000000,42587964,42634336,2376.5349,1404.5321
18,50,10000000,42587964,42643412,2384.9874,1396.8898
18,51,10000000,42587964,42566112,2407.6699,1401.7988
18,52,10000000,42587964,42539296,2384.9791,1396.4954
18,53,10000000,42587964,42686840,2370.415,1399.2519
18,54,10000000,42587964,42561826,2385.7905,1402.2375
18,55,10000000,42587964,42611990,2371.7724,1399.4059
18,56,10000000,42587964,42727042,2368.2807,1408.4769
18,57,10000000,42587964,42615812,2367.9391,1392.7633
18,58,10000000,42587964,42465522,2426.4361,1396.2075
18,59,10000000,42587964,42569740,2373.0997,1396.5601
18,60,10000000,42587964,42805114,2467.7453,1417.87
18,61,10000000,42587964,42652382,2369.1767,1406.9055
18,62,10000000,42587964,42599692,2395.9377,1409.6424
18,63,10000000,42587964,42694990,2371.2069,1399.1682
18,64,10000000,42587964,42654810,2366.7506,1417.4205
18,65,10000000,42587964,42429942,2397.8262,1400.4637
18,66,10000000,42587964,42682252,2390.0066,1400.6728
18,67,10000000,42587964,42475046,2412.9042,1392.3125
18,68,10000000,42587964,42563944,2378.6412,1406.8779
18,69,10000000,42587964,42590278,2374.3546,1401.7672
18,70,10000000,42587964,42636788,2394.0226,1414.8061
18,71,10000000,42587964,42665700,2378.6506,1395.6691
18,72,10000000,42587964,42673818,2376.1948,1390.2627
18,73,10000000,42587964,42724182,2389.0135,1391.6619
18,74,10000000,42587964,42500178,2389.9217,1395.8265
19,0,10000000,21765512,21721470,3129.5921,1433.0377
19,1,10000000,21765512,21785880,3098.3882,1434.9364
19,2,10000000,21765512,21764966,3089.5461,1444.6364
19,3,10000000,21765512,21776100,3074.7731,1452.0252
19,4,10000000,21765512,21754904,3072.0642,1433.6827
19,5,10000000,21765512,21721654,3102.3475,1449.3373
19,6,10000000,21765512,21800672,3102.6435,1440.5324
19,7,10000000,21765512,21745274,3094.1595,1442.3199
19,8,10000000,21765512,21750990,3106.517,1434.103
19,9,10000000,21765512,21782280,3111.3997,1441.4816
19,10,10000000,21765512,21696834,3083.983,1449.9365
19,11,10000000,21765512,21731302,3095.1839,1451.6848
19,12,10000000,21765512,21808096,3086.0916,1444.4196
19,13,10000000,21765512,21816592,3147.7134,1450.2715
19,14,10000000,21765512,21821528,3098.6936,1438.4169
19,15,10000000,21765512,21718952,3140.999,1446.6939
19,16,10000000,21765512,21748268,3116.2124,1447.792
19,17,10000000,21765512,21797950,3099.0006,1468.6663
19,18,10000000,21765512,21829008,3077.3159,1445.4162
19,19,10000000,21765512,21705258,3084.8148,1444.5216
19,20,10000000,21765512,21736232,3091.4285,1454.6348
19,21,10000000,21765512,21790688,3096.5694,1463.889
19,22,10000000,21765512,21766842,3088.1689,1456.1078
19,23,10000000,21765512,21695268,3097.0969,1450.9464
19,24,10000000,21765512,21739572,3137.0489,1453.0699
19,25,10000000,21765512,21765526,3072.954,1447.8861
19,26,10000000,21765512,21764396,3145.0615,1453.5546
19,27,10000000,21765512,21711858,3065.9838,1447.5127
19,28,10000000,21765512,21793114,3136.7276,1438.3008
19,29,10000000,21765512,21837894,3076.9473,1447.7375
19,30,10000000,21765512,21753536,3099.1799,1460.2927
19,31,10000000,21765512,21845510,3125.2378,1444.5123
19,32,10000000,21765512,21754384,3081.686,1466.066
19,33,10000000,21765512,21836434,3080.1638,1446.7787
19,34,10000000,21765512,21819812,3098.3363,1441.0203
19,35,10000000,21765512,21742138,3091.0716,1441.0971
19,36,10000000,21765512,21805274,3075.2402,1433.0295
19,37,10000000,21765512,21771054,3085.0696,1453.5114
19,38,10000000,21765512,21853516,3069.1168,1445.3917
19,39,10000000,21765512,21801292,3101.5312,1475.4622
19,40,10000000,21765512,21770152,3100.6634,1450.4143
19,41,10000000,21765512,21816404,3125.1204,1452.8327
19,42,10000000,21765512,21740592,3055.6398,1444.7692
19,43,10000000,21765512,21787298,3079.2791,1454.6829
19,44,10000000,21765512,21748178,3095.5716,1436.6416
19,45,10000000,21765512,21762606,3107.8159,1436.2625
19,46,10000000,21765512,21697084,3072.4503,1443.5403
19,47,10000000,21765512,21804740,3095.4656,1449.609
19,48,10000000,21765512,21796714,3078.048,1436.802
19,49,10000000,21765512,21752836,3075.1959,1438.2255
19,50,10000000,21765512,21639584,3076.401,1443.5059
19,51,10000000,21765512,21829448,3070.6047,1438.9675
19,52,10000000,21765512,21772068,3114.21,1438.8798
19,53,10000000,21765512,21830428,3114.8248,1437.7105
19,54,10000000,21765512,21753808,3095.0697,1437.9133
19,55,10000000,21765512,21829158,3070.7229,1439.1798
19,56,10000000,21765512,21685662,3086.7013,1442.1058
19,57,10000000,21765512,21830864,3078.67,1431.6502
19,58,10000000,21765512,21751102,3106.9565,1443.0702
19,59,10000000,21765512,21708786,3086.8777,1447.4077
19,60,10000000,21765512,21802938,3082.0438,1440.6442
19,61,10000000,21765512,21728132,3080.4187,1430.4956
19,62,10000000,21765512,21692388,3095.3532,1439.1971
20,0,10000000,11125636,11102244,3882.3541,1476.0664
20,1,10000000,11125636,11139778,3881.91,1493.3452
20,2,10000000,11125636,11114062,3889.5672,1482.9278
20,3,10000000,11125636,11097790,3903.224,1476.8465
20,4,10000000,11125636,11145130,3870.702,1485.5586
20,5,10000000,11125636,11118952,3893.054,1494.6599
20,6,10000000,11125636,11125054,3894.9996,1485.5194
20,7,10000000,11125636,11124312,3893.1315,1486.1872
20,8,10000000,11125636,11131442,3902.1168,1497.3877
20,9,10000000,11125636,11122564,3903.0951,1481.2892
20,10,10000000,11125636,11150336,3902.6805,1486.8073
20,11,10000000,11125636,11147808,3923.8138,1495.3772
20,12,10000000,11125636,11112286,3909.6951,1488.4289
20,13,10000000,11125636,11139352,3883.7221,1490.5544
20,14,10000000,11125636,11159478,3893.1177,1504.1992
20,15,10000000,11125636,11116556,3907.8823,1477.3721
20,16,10000000,11125636,11105050,3875.3743,1487.4853
20,17,10000000,11125636,11123440,3855.1061,1490.3008
20,18,10000000,11125636,11111288,3898.1548,1474.6328
20,19,10000000,11125636,11137180,3897.8847,1499.2099
20,20,10000000,11125636,11141072,3874.5043,1491.1081
20,21,10000000,11125636,11137984,3995.3587,1526.0739
20,22,10000000,11125636,11113214,3884.8363,1485.5445
20,23,10000000,11125636,11127674,3862.4555,1494.2558
20,24,10000000,11125636,11142816,3870.7016,1481.8282
20,25,10000000,11125636,11139864,3857.4626,1491.3938
20,26,10000000,11125636,11146720,3834.827,1488.5635
20,27,10000000,11125636,11132672,3899.6772,1473.2916
20,28,10000000,11125636,11114962,3896.6462,1523.9214
20,29,10000000,11125636,11135150,3905.7302,1483.2266
20,30,10000000,11125636,11115344,3915.4287,1491.6407
20,31,10000000,11125636,11126288,3878.717,1485.423
20,32,10000000,11125636,11130594,3857.7667,1497.0226
20,33,10000000,11125636,11136134,3907.8426,1490.7971
20,34,10000000,11125636,11129944,3901.6949,1474.8976
20,35,10000000,11125636,11104540,3874.9184,1497.8647
20,36,10000000,11125636,11111964,3887.49,1484.5096
20,37,10000000,11125636,11136666,3877.9108,1483.4596
20,38,10000000,11125636,11107868,3900.6982,1488.9778
20,39,10000000,11125636,11148534,3898.7081,1482.0434
20,40,10000000,11125636,11120482,3880.8419,1486.4619
20,41,10000000,11125636,11121202,3910.5844,1490.5165
20,42,10000000,11125636,11108996,3889.2988,1487.0137
20,43,10000000,11125636,11130092,3888.6652,1482.5168
20,44,10000000,11125636,11141400,3884.4885,1496.0809
20,45,10000000,11125636,11138410,3896.1861,1489.9043
20,46,10000000,11125636,11104214,3872.0376,1490.4678
20,47,10000000,11125636,11134420,3874.7374,1491.2132
20,48,10000000,11125636,11142460,3910.952,1486.6066
20,49,10000000,11125636,11135332,3913.8968,1477.7326
21,0,10000000,8499160,8506706,4892.0987,1554.4446
21,1,10000000,8499160,8478092,4835.8829,1572.6417
21,2,10000000,8499160,8509104,4748.6073,1549.1457
21,3,10000000,8499160,8497402,4810.8126,1537.6959
21,4,10000000,8499160,8514576,4781.4374,1534.4086
21,5,10000000,8499160,8497776,4823.0023,1556.7544
21,6,10000000,8499160,8506856,4715.3694,1551.3721
21,7,10000000,8499160,8493454,4743.2037,1553.7426
21,8,10000000,8499160,8501208,4787.1533,1535.3745
21,9,10000000,8499160,8506550,4792.4605,1531.9925
21,10,10000000,8499160,8500026,4734.3471,1565.744
21,11,10000000,8499160,8498592,4775.4845,1553.9476
21,12,10000000,8499160,8498228,4811.5721,1554.984
21,13,10000000,8499160,8504156,4755.1101,1548.9621
21,14,10000000,8499160,8513240,4729.6654,1538.4308
21,15,10000000,8499160,8494228,4832.9257,1561.6461
21,16,10000000,8499160,8505392,4752.609,1559.6048
21,17,10000000,8499160,8500622,4716.7122,1542.2859
21,18,10000000,8499160,8503852,4662.5211,1550.4915
21,19,10000000,8499160,8510690,4805.5115,1541.4465
21,20,10000000,8499160,8496406,4793.3101,1562.8545
21,21,10000000,8499160,8489694,4831.283,1566.5711
21,22,10000000,8499160,8497506,4676.9883,1550.3968
21,23,10000000,8499160,8495290,4780.4093,1531.7121
21,24,10000000,8499160,8504070,4682.2141,1531.0607
21,25,10000000,8499160,8499466,4784.6678,1556.4919
21,26,10000000,8499160,8498926,4754.069,1552.248
21,27,10000000,8499160,8488894,4799.5268,1556.1593
21,28,10000000,8499160,8491488,4753.5509,1550.6642
21,29,10000000,8499160,8496592,4813.2109,1535.2706
21,30,10000000,8499160,8504064,4738.5442,1551.1638
21,31,10000000,8499160,8482880,4736.2482,1551.6522
21,32,10000000,8499160,8485544,4733.5332,1544.9345
21,33,10000000,8499160,8490992,4797.0292,1540.2239
21,34,10000000,8499160,8516056,4830.8374,1536.4902
21,35,10000000,8499160,8490574,4777.7578,1552.6917
21,36,10000000,8499160,8495362,4725.2719,1558.1593
21,37,10000000,8499160,8498514,4819.5118,1551.3698
22,0,10000000,5055276,5048556,6114.5961,1755.3729
22,1,10000000,5055276,5053738,6842.3617,1779.5811
22,2,10000000,5055276,5059858,6650.7426,1753.4098
22,3,10000000,5055276,5056284,6720.1119,1773.7899
22,4,10000000,5055276,5054084,6575.9549,1764.7821
22,5,10000000,5055276,5052498,6840.7403,1798.942
22,6,10000000,5055276,5055972,6824.1295,1776.6754
22,7,10000000,5055276,5056334,6760.118,1753.5297
22,8,10000000,5055276,5052338,6654.5693,1837.8911
22,9,10000000,5055276,5051318,6783.3433,1817.7328
22,10,10000000,5055276,5050068,6630.8484,1780.3827
22,11,10000000,5055276,5060266,6642.707,1788.4449
22,12,10000000,5055276,5054088,6548.605,1783.3207
22,13,10000000,5055276,5051130,6600.038,1767.204
22,14,10000000,5055276,5054176,6784.7695,1783.3785
22,15,10000000,5055276,5062394,6469.6231,1756.9576
22,16,10000000,5055276,5051520,6490.0848,1791.7242
22,17,10000000,5055276,5057512,6554.6659,1786.8056
22,18,10000000,5055276,5051368,6771.4872,1776.3386
22,19,10000000,5055276,5052648,6516.7139,1786.2139
22,20,10000000,5055276,5061566,6746.197,1755.5354
22,21,10000000,5055276,5060978,6595.5734,1784.9893
22,22,10000000,5055276,5054602,6703.8349,1770.1704
22,23,10000000,5055276,5056618,6569.819,1766.8356
22,24,10000000,5055276,5052812,6718.0006,1776.8791
23,0,10000000,13222784,13221932,11423.0193,2190.8187
23,1,10000000,13222784,13215496,11411.8004,2150.9298
23,2,10000000,13222784,13221408,11372.2518,2158.2819
23,3,10000000,13222784,13221584,11627.7792,2164.3228
23,4,10000000,13222784,13214164,11451.0299,2156.7116
23,5,10000000,13222784,13228978,11514.5341,2144.8696
23,6,10000000,13222784,13226748,10943.7701,2167.4791
23,7,10000000,13222784,13232308,11319.3102,2150.7648
23,8,10000000,13222784,13225148,10948.124,2177.8476
23,9,10000000,13222784,13218084,11247.0789,2178.28
23,10,10000000,13222784,13225308,11137.4416,2197.1585
23,11,10000000,13222784,13220364,11181.2196,2165.8785
23,12,10000000,13222784,13221516,11191.3666,2176.5438
